id_incidente;fecha_incidente;hora_incidente;id_oficina;ciudad_oficina;agresion_verbal;agresion_fisica;llamada_fcs;dia_mes;aforo_alto;agresion_fisica_verbal
1;01/01/2022;10:00:00;OF-002;Alicante;0;0;0;1;1;0
2;02/01/2022;10:00:00;OF-020;Valladolid;0;0;0;2;0;0
3;05/06/2022;11:30:00;OF-022;Madrid;1;1;1;3;0;1
4;04/01/2022;9:00:00;OF-017;Sevilla;0;0;0;4;0;0
5;06/01/2022;13:30:00;OF-008;Gij?;1;0;0;6;0;1
6;06/01/2022;16:30:00;OF-009;Granada;1;0;0;6;1;1
7;09/01/2022;14:30:00;OF-009;Granada;0;0;0;9;1;0
8;09/01/2022;9:30:00;OF-021;Vigo;1;0;0;9;1;1
9;10/01/2022;10:00:00;OF-001;A Coruna;0;0;0;6;0;0
10;12/01/2022;13:30:00;OF-003;Barcelona;0;0;0;12;0;0
11;13/01/2022;17:00:00;OF-004;Barcelona;0;0;0;13;0;0
12;13/01/2022;14:00:00;OF-005;Bilbao;0;0;0;13;1;0
13;14/01/2022;9:30:00;OF-006;C?iz;0;0;0;14;0;0
14;14/01/2022;14:30:00;OF-009;Granada;0;0;0;14;0;0
15;20/01/2022;13:00:00;OF-006;C?iz;0;1;1;20;1;1
16;23/01/2022;10:30:00;OF-014;Oviedo;0;0;0;23;1;0
17;25/01/2022;16:30:00;OF-004;Barcelona;0;0;0;25;1;0
18;27/01/2022;9:00:00;OF-002;Alicante;0;0;0;27;0;0
19;27/01/2022;9:00:00;OF-021;Vigo;0;0;0;27;1;0
20;25/01/2022;15:00:00;OF-024;Zaragoza;1;0;0;27;0;1
21;25/01/2022;17:30:00;OF-028;Valencia;1;0;0;27;1;1
22;28/01/2022;9:30:00;OF-015;Salamanca;0;0;0;28;0;0
23;28/01/2022;17:00:00;OF-015;Salamanca;1;0;0;28;0;1
24;30/01/2022;13:00:00;OF-003;Barcelona;0;1;1;4;1;1
25;31/01/2022;13:30:00;OF-003;Barcelona;0;0;0;31;0;0
26;31/01/2022;12:30:00;OF-019;Valencia;1;0;0;31;0;0
27;01/02/2022;13:30:00;OF-005;Bilbao;1;0;0;1;1;0
28;03/02/2022;11:30:00;OF-015;Salamanca;0;0;0;3;1;0
29;03/02/2022;15:30:00;OF-015;Salamanca;0;0;0;3;1;0
30;03/02/2022;16:30:00;OF-017;Sevilla;1;0;0;3;0;1
31;04/02/2022;14:30:00;OF-015;Salamanca;0;0;0;4;0;0
32;05/02/2022;15:00:00;OF-003;Barcelona;0;0;0;17;0;0
33;10/02/2022;14:00:00;OF-012;M?aga;1;0;0;6;1;1
34;09/02/2022;12:00:00;OF-017;Sevilla;0;0;0;9;1;0
35;10/02/2022;16:00:00;OF-003;Barcelona;1;0;0;10;0;1
36;10/02/2022;17:00:00;OF-005;Bilbao;1;0;0;10;1;1
37;10/02/2022;16:00:00;OF-019;Valencia;0;0;0;10;0;0
38;10/02/2022;9:30:00;OF-023;Madrid;0;0;0;10;1;0
39;13/02/2022;15:30:00;OF-005;Bilbao;0;0;0;13;1;0
40;14/02/2022;10:00:00;OF-019;Valencia;0;0;0;14;1;0
41;05/02/2022;15:00:00;OF-011;Madrid;1;0;0;15;0;1
42;15/02/2022;9:30:00;OF-018;Tenerife;0;0;0;15;0;0
43;16/02/2022;14:30:00;OF-014;Oviedo;0;0;0;16;0;0
44;16/02/2022;13:30:00;OF-019;Valencia;0;0;0;16;0;0
45;18/02/2022;11:30:00;OF-016;Santander;0;0;0;18;0;0
46;19/02/2022;12:00:00;OF-010;Las Palmas;0;0;0;19;0;0
47;21/02/2022;16:00:00;OF-003;Barcelona;1;0;0;21;1;1
48;22/02/2022;9:30:00;OF-021;Vigo;0;0;0;22;0;0
49;23/02/2022;18:00:00;OF-006;C?iz;0;1;1;23;0;1
50;24/02/2022;11:30:00;OF-006;C?iz;0;0;0;24;0;0
51;26/02/2022;16:00:00;OF-011;Madrid;1;0;0;26;1;1
52;27/02/2022;11:00:00;OF-021;Vigo;0;0;0;27;1;0
53;28/02/2022;15:30:00;OF-024;Zaragoza;0;0;0;28;1;0
54;01/03/2022;11:00:00;OF-005;Bilbao;0;0;0;14;1;0
55;01/03/2022;14:30:00;OF-009;Granada;0;0;0;12;0;0
56;01/03/2022;14:00:00;OF-020;Valladolid;1;0;0;1;0;1
57;02/03/2022;17:30:00;OF-004;Barcelona;0;0;0;2;0;0
58;02/03/2022;11:00:00;OF-019;Valencia;0;0;0;2;0;0
59;03/03/2022;11:30:00;OF-011;Madrid;0;0;0;3;1;0
60;04/03/2022;16:30:00;OF-013;Murcia;1;0;0;4;0;1
61;06/03/2022;17:00:00;OF-003;Barcelona;1;0;0;6;0;1
62;06/03/2022;11:30:00;OF-009;Granada;0;0;0;6;0;0
63;06/03/2022;10:30:00;OF-014;Oviedo;1;0;0;6;0;1
64;10/03/2022;10:30:00;OF-001;A Coruna;0;0;0;8;0;0
65;12/03/2022;17:30:00;OF-003;Barcelona;0;0;0;12;1;0
66;13/03/2022;13:00:00;OF-016;Santander;1;0;0;13;1;1
67;15/03/2022;11:00:00;OF-004;Barcelona;1;0;0;15;0;1
68;15/03/2022;13:30:00;OF-017;Sevilla;1;0;0;15;0;1
69;17/03/2022;12:30:00;OF-011;Madrid;0;0;0;17;1;0
70;17/03/2022;9:00:00;OF-022;Madrid;0;0;0;17;0;0
71;18/03/2022;15:00:00;OF-016;Santander;1;0;0;18;0;1
72;20/03/2022;14:30:00;OF-016;Santander;0;0;0;20;1;0
73;23/03/2022;12:00:00;OF-017;Sevilla;1;0;0;23;1;1
74;24/03/2022;18:00:00;OF-002;Alicante;1;0;0;14;0;1
75;26/03/2022;17:00:00;OF-012;M?aga;1;0;0;26;0;1
76;26/03/2022;10:30:00;OF-019;Valencia;0;0;0;26;0;0
77;26/03/2022;15:00:00;OF-023;Madrid;1;0;0;26;0;1
78;27/03/2022;12:00:00;OF-004;Barcelona;0;0;0;10;1;0
79;27/03/2022;13:30:00;OF-020;Valladolid;0;0;0;27;1;0
80;28/03/2022;13:30:00;OF-017;Sevilla;0;0;0;28;1;0
81;29/03/2022;9:00:00;OF-009;Granada;0;0;0;29;0;0
82;29/03/2022;11:30:00;OF-020;Valladolid;0;0;0;29;0;0
83;30/03/2022;10:00:00;OF-007;C?doba;0;0;0;30;1;0
84;30/03/2022;10:00:00;OF-015;Salamanca;0;0;0;30;1;0
85;30/03/2022;14:00:00;OF-019;Valencia;0;1;1;30;1;1
86;01/04/2022;15:30:00;OF-021;Vigo;0;0;0;1;0;0
87;03/04/2022;16:00:00;OF-004;Barcelona;1;0;0;3;0;1
88;03/04/2022;14:30:00;OF-005;Bilbao;0;1;1;3;1;1
89;05/04/2022;11:00:00;OF-010;Las Palmas;0;0;0;5;1;0
90;06/04/2022;12:30:00;OF-020;Valladolid;0;0;0;6;1;0
91;09/04/2022;10:30:00;OF-009;Granada;1;0;0;9;0;1
92;10/04/2022;13:30:00;OF-009;Granada;0;0;0;10;1;0
93;13/04/2022;11:00:00;OF-004;Barcelona;1;0;0;13;1;1
94;14/04/2022;15:00:00;OF-011;Madrid;1;0;0;14;0;1
95;27/04/2022;9:30:00;OF-010;Las Palmas;1;1;1;27;1;1
96;10/05/2022;17:00:00;OF-011;Madrid;0;0;0;10;0;0
97;20/05/2022;10:00:00;OF-011;Madrid;1;0;0;20;0;1
98;27/05/2022;13:00:00;OF-017;Sevilla;0;0;0;27;1;0
99;02/06/2022;14:30:00;OF-015;Salamanca;0;0;0;2;0;0
100;03/06/2022;9:00:00;OF-015;Salamanca;0;0;0;3;0;0
101;26/06/2022;16:30:00;OF-011;Madrid;0;0;0;26;0;0
102;01/07/2022;14:30:00;OF-013;Murcia;1;0;0;1;0;1
103;03/07/2022;17:00:00;OF-001;A Coruna;0;1;1;3;0;1
104;07/07/2022;10:00:00;OF-013;Murcia;0;0;0;7;1;0
105;12/07/2022;16:30:00;OF-012;M?aga;1;0;0;12;1;1
106;13/07/2022;11:30:00;OF-012;M?aga;0;0;0;13;0;0
107;15/07/2022;10:30:00;OF-001;A Coruna;1;1;1;15;1;1
108;16/07/2022;12:30:00;OF-012;M?aga;0;0;0;16;0;0
109;17/07/2022;9:30:00;OF-013;Murcia;0;0;0;17;0;0
110;28/07/2022;16:00:00;OF-012;M?aga;0;0;0;28;0;0
111;01/08/2022;10:30:00;OF-012;M?aga;0;0;0;1;1;0
112;16/08/2022;17:00:00;OF-012;M?aga;0;0;0;16;0;0
113;18/09/2022;12:30:00;OF-017;Sevilla;0;0;0;18;0;0
114;21/09/2022;12:30:00;OF-017;Sevilla;0;0;0;21;1;0
115;24/09/2022;9:00:00;OF-012;M?aga;0;0;0;24;0;0
116;07/10/2022;15:30:00;OF-015;Salamanca;1;0;0;7;1;1
117;11/10/2022;13:00:00;OF-009;Granada;1;0;0;11;0;1
118;13/10/2022;12:00:00;OF-013;Murcia;0;0;0;13;0;0
119;14/11/2022;13:00:00;OF-008;Gij?;1;0;0;14;1;1
120;02/12/2022;12:00:00;OF-015;Salamanca;0;0;0;2;0;0
121;14/12/2022;13:30:00;OF-010;Las Palmas;0;0;0;14;0;0
122;01/01/2023;16:30:00;OF-014;Oviedo;1;0;0;1;0;1
123;01/01/2023;17:00:00;OF-016;Santander;0;0;0;1;0;0
124;02/01/2023;16:00:00;OF-010;Las Palmas;0;0;0;2;0;0
125;04/01/2023;14:30:00;OF-009;Granada;0;0;0;4;0;0
126;06/01/2023;17:30:00;OF-005;Bilbao;0;0;0;17;0;0
127;06/01/2023;12:30:00;OF-011;Madrid;0;0;0;6;0;0
128;08/01/2023;11:00:00;OF-016;Santander;1;0;0;8;1;1
129;09/01/2023;18:00:00;OF-029;Madrid;0;1;1;9;1;1
130;10/01/2023;16:00:00;OF-028;Valencia;0;0;0;10;1;0
131;11/01/2023;9:30:00;OF-004;Barcelona;0;0;0;11;0;0
132;11/01/2023;10:30:00;OF-011;Madrid;0;0;0;11;1;0
133;12/01/2023;9:00:00;OF-012;M?aga;1;0;0;12;1;1
134;12/01/2023;10:00:00;OF-022;Madrid;1;0;0;12;0;1
135;25/01/2023;11:00:00;OF-028;Valencia;1;0;0;13;0;1
136;17/01/2023;13:30:00;OF-028;Valencia;1;0;0;17;1;1
137;05/01/2023;14:00:00;OF-005;Bilbao;1;0;0;18;0;1
138;18/01/2023;10:00:00;OF-024;Zaragoza;0;0;0;18;0;0
139;20/01/2023;13:30:00;OF-027;Madrid;0;0;0;20;1;0
140;21/01/2023;11:00:00;OF-021;Vigo;1;0;0;21;1;1
141;22/01/2023;9:30:00;OF-023;Madrid;1;0;0;22;0;1
142;23/01/2023;11:30:00;OF-007;C?doba;1;0;0;23;0;1
143;24/01/2023;11:00:00;OF-002;Alicante;0;1;1;14;1;1
144;25/01/2023;9:00:00;OF-004;Barcelona;0;0;0;25;1;0
145;25/01/2023;14:00:00;OF-007;C?doba;1;0;0;15;0;1
146;25/01/2023;11:30:00;OF-008;Gij?;0;0;0;25;1;0
147;25/01/2023;16:30:00;OF-022;Madrid;1;0;0;25;1;1
148;27/01/2023;15:00:00;OF-013;Murcia;1;0;0;27;1;1
149;27/01/2023;15:00:00;OF-028;Valencia;0;0;0;27;1;0
150;28/01/2023;10:00:00;OF-005;Bilbao;1;0;0;28;1;1
151;28/01/2023;11:00:00;OF-020;Valladolid;0;0;0;28;1;0
152;29/01/2023;9:00:00;OF-019;Valencia;0;0;0;29;0;0
153;29/01/2023;14:30:00;OF-026;Barcelona;0;0;0;29;1;0
154;29/01/2023;14:30:00;OF-028;Valencia;1;0;0;29;0;1
155;30/01/2023;11:00:00;OF-007;C?doba;1;0;0;10;0;1
156;03/02/2023;15:30:00;OF-007;C?doba;0;0;0;3;1;0
157;03/02/2023;13:00:00;OF-011;Madrid;0;0;0;3;0;0
158;03/02/2023;10:00:00;OF-017;Sevilla;0;0;0;3;1;0
159;04/02/2023;15:30:00;OF-010;Las Palmas;1;0;0;4;1;1
160;04/02/2023;14:30:00;OF-019;Valencia;0;1;1;4;1;1
161;05/02/2023;14:30:00;OF-007;C?doba;0;0;0;5;1;0
162;06/02/2023;11:30:00;OF-005;Bilbao;0;0;0;16;0;0
163;07/02/2023;11:30:00;OF-003;Barcelona;0;0;0;7;1;0
164;10/02/2023;9:00:00;OF-006;C?iz;1;0;0;10;0;1
165;10/02/2023;17:00:00;OF-011;Madrid;0;0;0;10;1;0
166;10/02/2023;16:30:00;OF-024;Zaragoza;0;0;0;10;0;0
167;05/02/2023;16:00:00;OF-026;Barcelona;1;0;0;11;0;1
168;11/02/2023;15:30:00;OF-026;Barcelona;1;0;0;11;0;1
169;12/02/2023;15:00:00;OF-020;Valladolid;1;0;0;12;1;1
170;12/02/2023;17:00:00;OF-028;Valencia;1;0;0;12;1;1
171;16/02/2023;12:30:00;OF-010;Las Palmas;1;0;0;16;1;1
172;16/02/2023;14:30:00;OF-020;Valladolid;0;0;0;16;0;0
173;17/02/2023;16:00:00;OF-019;Valencia;0;0;0;17;0;0
174;20/02/2023;9:00:00;OF-002;Alicante;0;0;0;20;0;0
175;20/02/2023;14:00:00;OF-002;Alicante;1;0;0;20;0;1
176;20/02/2023;15:30:00;OF-004;Barcelona;0;0;0;20;1;0
177;22/02/2023;13:30:00;OF-022;Madrid;0;0;0;22;0;0
178;23/02/2023;12:30:00;OF-018;Tenerife;1;0;0;23;1;1
179;24/02/2023;17:30:00;OF-004;Barcelona;0;0;0;24;0;0
180;24/02/2023;10:00:00;OF-028;Valencia;1;0;0;24;1;1
181;24/02/2023;12:00:00;OF-028;Valencia;0;0;0;24;0;0
182;27/02/2023;13:30:00;OF-020;Valladolid;1;0;0;27;0;1
183;28/02/2023;11:00:00;OF-011;Madrid;0;0;0;28;0;0
184;02/03/2023;10:00:00;OF-004;Barcelona;0;0;0;2;1;0
185;02/03/2023;10:30:00;OF-009;Granada;0;0;0;2;0;0
186;03/03/2023;10:30:00;OF-008;Gij?;0;0;0;3;0;0
187;04/03/2023;14:30:00;OF-004;Barcelona;0;0;0;4;0;0
188;04/03/2023;16:30:00;OF-014;Oviedo;1;0;0;4;0;1
189;06/03/2023;14:00:00;OF-015;Salamanca;0;0;0;6;1;0
190;08/03/2023;16:30:00;OF-005;Bilbao;0;0;0;8;0;0
191;10/03/2023;14:30:00;OF-021;Vigo;0;0;0;10;0;0
192;10/03/2023;15:00:00;OF-022;Madrid;0;0;0;10;1;0
193;14/03/2023;16:00:00;OF-011;Madrid;0;0;0;14;0;0
194;16/03/2023;13:00:00;OF-010;Las Palmas;0;0;0;16;0;0
195;16/03/2023;9:30:00;OF-011;Madrid;0;0;0;16;1;0
196;16/03/2023;10:30:00;OF-022;Madrid;0;0;0;16;0;0
197;16/03/2023;14:30:00;OF-023;Madrid;1;0;0;16;0;1
198;19/03/2023;13:30:00;OF-004;Barcelona;0;0;0;19;0;0
199;19/03/2023;13:30:00;OF-019;Valencia;0;0;0;19;0;0
200;21/03/2023;9:00:00;OF-004;Barcelona;1;0;0;21;1;1
201;22/03/2023;16:30:00;OF-020;Valladolid;0;0;0;22;1;0
202;22/03/2023;11:30:00;OF-029;Madrid;0;0;0;22;0;0
203;24/03/2023;10:00:00;OF-004;Barcelona;0;0;0;10;1;0
204;24/03/2023;15:30:00;OF-012;M?aga;0;0;0;24;1;0
205;26/03/2023;13:00:00;OF-002;Alicante;1;0;0;17;0;1
206;26/03/2023;18:00:00;OF-007;C?doba;1;0;0;31;0;1
207;27/03/2023;10:30:00;OF-021;Vigo;0;0;0;27;1;0
208;29/03/2023;9:00:00;OF-005;Bilbao;0;0;0;29;0;0
209;30/03/2023;9:30:00;OF-020;Valladolid;1;0;0;30;1;1
210;31/03/2023;9:00:00;OF-012;M?aga;0;0;0;31;1;0
211;01/04/2023;16:00:00;OF-019;Valencia;0;0;0;1;1;0
212;02/04/2023;14:00:00;OF-021;Vigo;0;0;0;2;0;0
213;03/04/2023;13:30:00;OF-024;Zaragoza;1;0;0;3;1;1
214;04/04/2023;9:30:00;OF-022;Madrid;0;0;0;4;0;0
215;05/04/2023;11:30:00;OF-010;Las Palmas;0;0;0;5;1;0
216;06/04/2023;9:00:00;OF-016;Santander;0;0;0;6;0;0
217;06/04/2023;9:30:00;OF-025;Madrid;1;0;0;6;1;1
218;06/04/2023;18:00:00;OF-027;Madrid;0;0;0;6;0;0
219;06/04/2023;11:00:00;OF-028;Valencia;0;0;0;6;1;0
220;08/04/2023;16:00:00;OF-012;M?aga;0;1;1;8;1;1
221;09/04/2023;17:00:00;OF-002;Alicante;0;1;1;9;1;1
222;09/04/2023;15:30:00;OF-009;Granada;0;0;0;9;1;0
223;09/04/2023;13:00:00;OF-011;Madrid;0;0;0;9;0;0
224;12/04/2023;11:00:00;OF-028;Valencia;0;0;0;12;1;0
225;13/04/2023;9:00:00;OF-014;Oviedo;0;0;0;13;0;0
226;14/04/2023;15:30:00;OF-023;Madrid;0;0;0;14;0;0
227;17/04/2023;15:00:00;OF-012;M?aga;0;0;0;17;0;0
228;18/04/2023;15:00:00;OF-008;Gij?;0;0;0;18;1;0
229;21/04/2023;13:30:00;OF-002;Alicante;0;0;0;21;0;0
230;21/04/2023;16:30:00;OF-013;Murcia;1;0;0;21;1;1
231;23/04/2023;17:30:00;OF-008;Gij?;1;0;0;23;0;1
232;23/04/2023;10:00:00;OF-028;Valencia;0;0;0;23;0;0
233;24/04/2023;11:00:00;OF-029;Madrid;1;0;0;24;0;1
234;25/04/2023;17:00:00;OF-016;Santander;0;0;0;25;0;0
235;27/04/2023;13:30:00;OF-014;Oviedo;0;0;0;27;0;0
236;28/04/2023;16:00:00;OF-003;Barcelona;0;0;0;28;0;0
237;28/04/2023;12:00:00;OF-020;Valladolid;0;0;0;28;1;0
238;30/04/2023;14:30:00;OF-027;Madrid;0;1;1;30;1;1
239;02/05/2023;13:30:00;OF-011;Madrid;1;0;0;2;1;1
240;02/05/2023;11:00:00;OF-012;M?aga;0;0;0;2;1;0
241;03/05/2023;11:30:00;OF-011;Madrid;0;0;0;3;0;0
242;05/05/2023;9:30:00;OF-005;Bilbao;0;0;0;15;0;0
243;06/05/2023;9:00:00;OF-010;Las Palmas;1;0;0;6;1;1
244;06/05/2023;16:30:00;OF-022;Madrid;0;0;0;6;0;0
245;08/05/2023;17:30:00;OF-002;Alicante;0;0;0;8;1;0
246;08/05/2023;17:30:00;OF-011;Madrid;1;0;0;8;1;1
247;08/05/2023;17:30:00;OF-013;Murcia;0;0;0;8;0;0
248;10/05/2023;18:00:00;OF-003;Barcelona;0;0;0;10;0;0
249;11/05/2023;12:30:00;OF-015;Salamanca;0;0;0;11;1;0
250;11/05/2023;10:30:00;OF-026;Barcelona;1;0;0;11;1;1
251;12/05/2023;11:30:00;OF-021;Vigo;0;0;0;12;0;0
252;13/05/2023;15:30:00;OF-018;Tenerife;0;0;0;13;1;0
253;14/05/2023;12:00:00;OF-022;Madrid;0;0;0;14;1;0
254;18/05/2023;18:00:00;OF-022;Madrid;1;0;0;18;0;1
255;25/05/2023;15:30:00;OF-012;M?aga;1;1;1;19;1;1
256;21/05/2023;9:30:00;OF-008;Gij?;1;0;0;21;0;1
257;10/05/2023;12:30:00;OF-026;Barcelona;0;1;1;23;0;1
258;24/05/2023;16:30:00;OF-011;Madrid;1;0;0;24;0;1
259;24/05/2023;15:00:00;OF-022;Madrid;0;0;0;24;1;0
260;24/05/2023;13:00:00;OF-025;Madrid;0;0;0;24;0;0
261;25/05/2023;10:30:00;OF-005;Bilbao;0;0;0;25;1;0
262;25/05/2023;12:30:00;OF-026;Barcelona;0;0;0;25;1;0
263;27/05/2023;13:00:00;OF-004;Barcelona;0;0;0;27;0;0
264;28/05/2023;15:00:00;OF-011;Madrid;0;0;0;28;1;0
265;29/05/2023;13:00:00;OF-028;Valencia;0;0;0;29;1;0
266;30/05/2023;15:00:00;OF-021;Vigo;0;0;0;30;0;0
267;31/05/2023;13:30:00;OF-002;Alicante;0;0;0;31;0;0
268;31/05/2023;9:00:00;OF-004;Barcelona;0;0;0;31;0;0
269;01/06/2023;9:00:00;OF-005;Bilbao;1;0;0;15;0;1
270;01/06/2023;13:00:00;OF-008;Gij?;1;0;0;1;0;1
271;03/06/2023;12:00:00;OF-028;Valencia;1;0;0;3;1;1
272;04/06/2023;14:00:00;OF-006;C?iz;0;0;0;4;0;0
273;05/06/2023;17:30:00;OF-014;Oviedo;1;0;0;5;1;1
274;06/06/2023;15:30:00;OF-013;Murcia;0;0;0;6;0;0
275;06/06/2023;12:00:00;OF-026;Barcelona;1;0;0;6;0;1
276;07/06/2023;11:00:00;OF-003;Barcelona;0;0;0;7;0;0
277;07/06/2023;16:30:00;OF-012;M?aga;0;0;0;7;0;0
278;09/06/2023;12:00:00;OF-013;Murcia;1;0;0;9;0;1
279;09/06/2023;13:00:00;OF-022;Madrid;1;0;0;9;0;1
280;10/06/2023;16:30:00;OF-017;Sevilla;0;0;0;10;0;0
281;11/06/2023;9:00:00;OF-008;Gij?;0;0;0;11;1;0
282;11/06/2023;12:30:00;OF-009;Granada;0;0;0;11;0;0
283;14/06/2023;15:00:00;OF-023;Madrid;0;0;0;14;1;0
284;16/06/2023;14:30:00;OF-020;Valladolid;0;0;0;16;1;0
285;19/06/2023;12:00:00;OF-015;Salamanca;0;0;0;19;1;0
286;21/06/2023;12:30:00;OF-004;Barcelona;1;0;0;21;1;1
287;21/06/2023;9:00:00;OF-021;Vigo;0;0;0;21;0;0
288;22/06/2023;17:00:00;OF-011;Madrid;0;0;0;22;0;0
289;22/06/2023;9:30:00;OF-028;Valencia;0;0;0;22;1;0
290;23/06/2023;12:00:00;OF-012;M?aga;1;0;0;23;0;1
291;26/06/2023;12:30:00;OF-004;Barcelona;1;0;0;17;0;1
292;26/06/2023;15:00:00;OF-006;C?iz;0;0;0;16;0;0
293;26/06/2023;16:30:00;OF-008;Gij?;1;0;0;26;0;1
294;26/06/2023;17:00:00;OF-024;Zaragoza;1;0;0;26;0;1
295;30/06/2023;11:00:00;OF-010;Las Palmas;0;0;0;30;1;0
296;03/07/2023;17:30:00;OF-016;Santander;0;1;1;3;0;1
297;05/07/2023;11:00:00;OF-009;Granada;1;0;0;17;1;1
298;06/07/2023;12:00:00;OF-018;Tenerife;0;0;0;6;0;0
299;06/07/2023;12:00:00;OF-023;Madrid;0;0;0;6;0;0
300;10/07/2023;13:30:00;OF-008;Gij?;1;0;0;7;0;1
301;09/07/2023;10:00:00;OF-013;Murcia;0;0;0;9;0;0
302;09/07/2023;12:30:00;OF-025;Madrid;0;0;0;9;0;0
303;10/07/2023;15:30:00;OF-011;Madrid;1;0;0;10;1;0
304;11/07/2023;15:30:00;OF-006;C?iz;1;0;0;11;1;1
305;13/07/2023;14:00:00;OF-011;Madrid;0;0;0;13;1;0
306;13/07/2023;16:30:00;OF-017;Sevilla;1;0;0;13;0;1
307;17/07/2023;15:00:00;OF-019;Valencia;1;0;0;17;0;1
308;19/07/2023;11:30:00;OF-017;Sevilla;0;0;0;19;0;0
309;20/07/2023;11:00:00;OF-012;M?aga;1;0;0;20;1;1
310;20/07/2023;13:30:00;OF-018;Tenerife;1;0;0;20;1;1
311;20/07/2023;11:30:00;OF-026;Barcelona;1;0;0;20;1;1
312;21/07/2023;10:00:00;OF-017;Sevilla;1;0;0;21;1;1
313;21/07/2023;15:30:00;OF-018;Tenerife;0;0;0;21;0;0
314;22/07/2023;11:00:00;OF-004;Barcelona;1;0;0;22;1;1
315;22/07/2023;10:30:00;OF-009;Granada;0;0;0;22;1;0
316;23/07/2023;9:00:00;OF-004;Barcelona;1;0;0;21;0;1
317;24/07/2023;13:00:00;OF-021;Vigo;0;0;0;24;1;0
318;25/07/2023;9:30:00;OF-015;Salamanca;1;0;0;25;1;1
319;26/07/2023;9:30:00;OF-013;Murcia;1;1;1;26;1;1
320;26/07/2023;14:30:00;OF-018;Tenerife;0;0;0;26;0;0
321;27/07/2023;12:30:00;OF-018;Tenerife;0;0;0;27;0;0
322;30/07/2023;16:30:00;OF-012;M?aga;0;1;1;30;0;1
323;02/08/2023;14:00:00;OF-018;Tenerife;1;0;0;2;1;1
324;03/08/2023;12:30:00;OF-026;Barcelona;1;0;0;3;0;1
325;04/08/2023;16:30:00;OF-002;Alicante;0;1;1;16;1;1
326;04/08/2023;17:00:00;OF-011;Madrid;0;0;0;4;1;0
327;04/08/2023;11:30:00;OF-025;Madrid;0;0;0;4;0;0
328;05/08/2023;12:00:00;OF-008;Gij?;0;0;0;5;1;0
329;05/08/2023;11:00:00;OF-022;Madrid;0;0;0;5;1;0
330;05/08/2023;15:30:00;OF-024;Zaragoza;0;0;0;5;1;0
331;06/08/2023;16:30:00;OF-003;Barcelona;0;0;0;6;1;0
332;06/08/2023;16:00:00;OF-008;Gij?;1;0;0;6;0;1
333;08/08/2023;16:00:00;OF-009;Granada;0;1;1;8;1;1
334;13/08/2023;9:30:00;OF-025;Madrid;0;0;0;13;0;0
335;14/08/2023;12:30:00;OF-006;C?iz;0;0;0;14;0;0
336;17/08/2023;9:00:00;OF-011;Madrid;0;0;0;17;0;0
337;18/08/2023;17:30:00;OF-028;Valencia;0;0;0;18;1;0
338;19/08/2023;11:00:00;OF-011;Madrid;0;0;0;19;1;0
339;19/08/2023;9:30:00;OF-013;Murcia;0;0;0;19;0;0
340;19/08/2023;13:30:00;OF-024;Zaragoza;1;0;0;19;0;1
341;21/08/2023;14:30:00;OF-010;Las Palmas;1;0;0;21;0;1
342;21/08/2023;10:30:00;OF-013;Murcia;0;0;0;21;0;0
343;23/08/2023;16:00:00;OF-008;Gij?;0;0;0;23;1;0
344;24/08/2023;10:00:00;OF-003;Barcelona;0;1;1;24;1;1
345;24/08/2023;16:30:00;OF-004;Barcelona;1;0;0;24;0;1
346;25/08/2023;10:30:00;OF-003;Barcelona;1;0;0;25;1;1
347;27/08/2023;14:30:00;OF-016;Santander;1;0;0;27;0;1
348;31/08/2023;11:30:00;OF-012;M?aga;0;0;0;31;1;0
349;31/08/2023;16:30:00;OF-016;Santander;0;0;0;31;0;0
350;01/09/2023;10:30:00;OF-012;M?aga;0;0;0;1;0;0
351;03/09/2023;16:00:00;OF-020;Valladolid;1;0;0;3;0;1
352;04/09/2023;13:30:00;OF-006;C?iz;0;0;0;4;0;0
353;04/09/2023;11:00:00;OF-022;Madrid;0;0;0;4;1;0
354;06/09/2023;15:30:00;OF-015;Salamanca;1;0;0;6;0;1
355;06/09/2023;14:00:00;OF-015;Salamanca;1;0;0;6;0;1
356;07/09/2023;11:00:00;OF-009;Granada;0;0;0;7;0;0
357;10/09/2023;14:00:00;OF-002;Alicante;0;0;0;10;0;0
358;10/09/2023;14:00:00;OF-013;Murcia;1;0;0;10;0;1
359;11/09/2023;9:00:00;OF-015;Salamanca;1;0;0;11;0;1
360;11/09/2023;16:30:00;OF-024;Zaragoza;1;0;0;11;1;1
361;13/09/2023;12:30:00;OF-004;Barcelona;0;0;0;13;1;0
362;15/09/2023;12:30:00;OF-022;Madrid;0;1;1;15;0;1
363;16/09/2023;17:30:00;OF-012;M?aga;1;0;0;16;1;1
364;16/09/2023;12:30:00;OF-015;Salamanca;1;0;0;16;0;1
365;18/09/2023;16:30:00;OF-013;Murcia;0;0;0;18;0;0
366;25/09/2023;13:30:00;OF-005;Bilbao;1;0;0;25;1;1
367;25/09/2023;12:30:00;OF-025;Madrid;0;0;0;25;1;0
368;26/09/2023;14:00:00;OF-020;Valladolid;0;0;0;26;1;0
369;27/09/2023;10:00:00;OF-008;Gij?;0;0;0;27;1;0
370;27/09/2023;12:30:00;OF-019;Valencia;0;0;0;27;1;0
371;02/10/2023;18:00:00;OF-025;Madrid;0;0;0;2;1;0
372;04/10/2023;14:00:00;OF-010;Las Palmas;0;0;0;4;1;0
373;04/10/2023;15:30:00;OF-021;Vigo;0;0;0;4;0;0
374;06/10/2023;9:00:00;OF-019;Valencia;0;0;0;6;0;0
375;07/10/2023;14:00:00;OF-018;Tenerife;0;0;0;7;1;0
376;08/10/2023;15:00:00;OF-015;Salamanca;0;1;1;8;0;1
377;12/10/2023;11:00:00;OF-011;Madrid;0;0;0;12;0;0
378;12/10/2023;11:00:00;OF-013;Murcia;0;0;0;12;0;0
379;12/10/2023;17:00:00;OF-028;Valencia;1;0;0;12;0;1
380;16/10/2023;17:30:00;OF-011;Madrid;1;0;0;16;1;1
381;16/10/2023;9:00:00;OF-014;Oviedo;0;0;0;16;1;0
382;21/10/2023;16:00:00;OF-016;Santander;0;0;0;21;1;0
383;23/10/2023;15:30:00;OF-007;C?doba;0;0;0;23;1;0
384;23/10/2023;15:00:00;OF-023;Madrid;0;0;0;23;0;0
385;29/10/2023;9:30:00;OF-001;A Coruna;0;0;0;29;0;0
386;29/10/2023;12:30:00;OF-002;Alicante;1;1;1;29;0;1
387;30/10/2023;16:00:00;OF-004;Barcelona;1;0;0;30;1;1
388;01/11/2023;16:30:00;OF-021;Vigo;0;0;0;1;1;0
389;09/11/2023;14:00:00;OF-003;Barcelona;0;0;0;9;0;0
390;09/11/2023;17:30:00;OF-012;M?aga;0;0;0;9;0;0
391;10/11/2023;10:30:00;OF-018;Tenerife;1;0;0;10;1;1
392;11/11/2023;17:30:00;OF-013;Murcia;1;0;0;11;0;1
393;12/11/2023;9:30:00;OF-011;Madrid;1;0;0;12;0;1
394;16/11/2023;17:30:00;OF-021;Vigo;0;0;0;16;1;0
395;17/11/2023;14:30:00;OF-014;Oviedo;1;0;0;17;0;1
396;20/11/2023;14:30:00;OF-004;Barcelona;0;0;0;20;0;0
397;22/11/2023;12:30:00;OF-003;Barcelona;0;0;0;22;0;0
398;23/11/2023;15:30:00;OF-029;Madrid;0;0;0;23;1;0
399;25/11/2023;17:30:00;OF-025;Madrid;1;0;0;24;0;1
400;25/11/2023;9:30:00;OF-014;Oviedo;0;0;0;25;1;0
401;26/11/2023;14:00:00;OF-013;Murcia;0;0;0;26;0;0
402;26/11/2023;11:00:00;OF-025;Madrid;1;0;0;26;0;1
403;30/11/2023;16:30:00;OF-028;Valencia;0;0;0;30;1;0
404;03/12/2023;15:30:00;OF-025;Madrid;0;0;0;3;0;0
405;04/12/2023;16:00:00;OF-002;Alicante;0;0;0;4;1;0
406;04/12/2023;14:30:00;OF-008;Gij?;0;0;0;4;0;0
407;05/12/2023;13:00:00;OF-009;Granada;1;0;0;5;1;1
408;05/12/2023;15:00:00;OF-029;Madrid;1;1;1;5;1;1
409;07/12/2023;17:00:00;OF-003;Barcelona;1;0;0;7;0;1
410;08/12/2023;14:00:00;OF-011;Madrid;0;1;1;8;1;1
411;08/12/2023;16:30:00;OF-014;Oviedo;0;1;1;8;1;1
412;10/12/2023;14:30:00;OF-015;Salamanca;0;0;0;10;0;0
413;12/12/2023;17:00:00;OF-008;Gij?;1;0;0;12;1;1
414;12/12/2023;13:30:00;OF-010;Las Palmas;1;0;0;12;1;1
415;16/12/2023;16:00:00;OF-011;Madrid;0;0;0;16;1;0
416;22/12/2023;16:30:00;OF-022;Madrid;0;0;0;22;0;0
417;23/12/2023;16:30:00;OF-027;Madrid;0;0;0;23;0;0
418;24/12/2023;12:30:00;OF-006;C?iz;1;0;0;24;0;1
419;26/12/2023;11:30:00;OF-024;Zaragoza;1;0;0;26;0;1
420;29/12/2023;17:00:00;OF-008;Gij?;0;0;0;29;0;0
421;29/12/2023;12:30:00;OF-015;Salamanca;0;0;0;29;0;0
422;31/12/2023;17:30:00;OF-004;Barcelona;1;0;0;16;1;1
423;31/12/2023;17:00:00;OF-004;Barcelona;0;0;0;31;0;0
424;31/12/2023;12:00:00;OF-005;Bilbao;0;0;0;12;1;0
425;31/12/2023;16:00:00;OF-011;Madrid;1;1;1;31;0;1
426;05/01/2024;17:00:00;OF-006;C?iz;0;0;0;15;0;0
427;05/01/2024;17:00:00;OF-016;Santander;0;1;1;5;1;1
428;06/01/2024;12:30:00;OF-005;Bilbao;1;0;0;6;0;1
429;08/01/2024;9:30:00;OF-015;Salamanca;0;0;0;8;0;0
430;09/01/2024;17:30:00;OF-011;Madrid;0;0;0;9;0;0
431;11/01/2024;14:00:00;OF-015;Salamanca;1;0;0;11;1;1
432;14/01/2024;14:30:00;OF-023;Madrid;1;0;0;14;1;1
433;20/01/2024;14:30:00;OF-008;Gij?;0;0;0;20;0;0
434;20/01/2024;14:00:00;OF-020;Valladolid;1;1;1;20;0;1
435;21/01/2024;15:30:00;OF-003;Barcelona;1;0;0;21;0;1
436;21/01/2024;17:00:00;OF-019;Valencia;1;0;0;21;0;1
437;22/01/2024;17:30:00;OF-009;Granada;0;0;0;22;0;0
438;23/01/2024;13:00:00;OF-021;Vigo;0;0;0;23;0;0
439;24/01/2024;10:00:00;OF-024;Zaragoza;1;0;0;24;1;1
440;25/01/2024;16:30:00;OF-002;Alicante;0;0;0;25;1;0
441;25/01/2024;14:00:00;OF-013;Murcia;0;0;0;15;0;0
442;26/01/2024;17:00:00;OF-011;Madrid;1;0;0;26;0;1
443;27/01/2024;12:00:00;OF-023;Madrid;1;0;0;27;0;1
444;28/01/2024;9:30:00;OF-014;Oviedo;0;0;0;28;0;0
445;29/01/2024;11:00:00;OF-007;Sevilla;0;1;1;9;1;1
446;31/01/2024;12:30:00;OF-016;Santander;1;0;0;31;1;1
447;31/01/2024;12:00:00;OF-018;Tenerife;0;0;0;31;0;0
448;31/01/2024;15:00:00;OF-026;Barcelona;1;0;0;31;0;1
449;31/01/2024;14:30:00;OF-029;Madrid;1;0;0;31;0;1
450;01/02/2024;10:30:00;OF-002;Alicante;0;0;0;1;0;0
451;01/02/2024;10:00:00;OF-019;Valencia;1;1;1;1;1;1
452;02/02/2024;18:00:00;OF-002;Alicante;0;0;0;2;0;0
453;02/02/2024;16:30:00;OF-007;C?doba;0;0;0;2;0;0
454;02/02/2024;14:00:00;OF-011;Madrid;0;0;0;2;1;0
455;04/02/2024;10:30:00;OF-018;Tenerife;1;0;0;4;0;1
456;05/02/2024;13:30:00;OF-002;Alicante;1;0;0;9;1;1
457;05/02/2024;16:30:00;OF-007;C?doba;0;0;0;5;1;0
458;05/02/2024;12:30:00;OF-020;Valladolid;0;0;0;5;1;0
459;05/02/2024;13:00:00;OF-020;Valladolid;0;0;0;5;1;0
460;05/02/2024;17:00:00;OF-023;Madrid;0;0;0;5;1;0
461;06/02/2024;10:00:00;OF-005;Bilbao;0;0;0;6;1;0
462;06/02/2024;15:30:00;OF-011;Madrid;1;0;0;6;1;1
463;07/02/2024;13:00:00;OF-010;Las Palmas;0;0;0;7;1;0
464;08/02/2024;11:00:00;OF-003;Barcelona;0;0;0;8;0;0
465;08/02/2024;15:00:00;OF-021;Vigo;1;0;0;8;1;1
466;10/02/2024;17:00:00;OF-022;Madrid;1;0;0;10;1;1
467;11/02/2024;14:30:00;OF-024;Zaragoza;1;0;0;11;0;1
468;17/02/2024;17:00:00;OF-013;Murcia;0;0;0;17;0;0
469;22/02/2024;14:30:00;OF-014;Oviedo;0;0;0;22;1;0
470;22/02/2024;15:00:00;OF-017;Sevilla;0;0;0;22;0;0
471;23/02/2024;9:30:00;OF-019;Valencia;0;0;0;23;0;0
472;24/02/2024;14:30:00;OF-016;Santander;1;0;0;24;1;1
473;24/02/2024;18:00:00;OF-025;Madrid;0;0;0;24;0;0
474;25/02/2024;9:00:00;OF-009;Granada;1;0;0;12;1;1
475;26/02/2024;12:30:00;OF-017;Sevilla;0;0;0;26;1;0
476;29/02/2024;14:30:00;OF-022;Madrid;0;0;0;29;0;0
477;01/03/2024;11:00:00;OF-005;Bilbao;1;0;0;13;1;1
478;04/03/2024;17:00:00;OF-025;Madrid;0;0;0;4;0;0
479;07/03/2024;14:00:00;OF-019;Valencia;0;0;0;7;0;0
480;10/03/2024;10:30:00;OF-014;Oviedo;1;0;0;10;1;1
481;10/03/2024;16:30:00;OF-017;Sevilla;0;0;0;10;1;0
482;13/03/2024;12:00:00;OF-013;Murcia;1;0;0;13;1;1
483;17/03/2024;17:30:00;OF-017;Sevilla;0;0;0;17;1;0
484;17/03/2024;10:00:00;OF-018;Tenerife;0;0;0;17;0;0
485;17/03/2024;13:30:00;OF-027;Madrid;0;0;0;17;1;0
486;18/03/2024;16:30:00;OF-029;Madrid;0;0;0;18;0;0
487;19/03/2024;11:30:00;OF-027;Madrid;0;0;0;19;1;0
488;20/03/2024;9:30:00;OF-007;C?doba;1;0;0;20;0;1
489;20/03/2024;17:30:00;OF-018;Tenerife;1;0;0;20;0;1
490;23/03/2024;15:00:00;OF-004;Barcelona;0;0;0;10;0;0
491;24/03/2024;15:00:00;OF-009;Granada;0;0;0;24;1;0
492;25/03/2024;13:30:00;OF-020;Valladolid;0;0;0;25;1;0
493;27/03/2024;12:00:00;OF-011;Madrid;0;0;0;27;0;0
494;28/03/2024;17:30:00;OF-007;C?doba;0;0;0;28;1;0
495;28/03/2024;10:30:00;OF-009;Granada;1;0;0;28;0;1
496;10/03/2024;14:30:00;OF-019;Valencia;1;0;0;28;1;1
497;30/03/2024;15:00:00;OF-015;Salamanca;0;0;0;30;1;0
498;31/03/2024;15:00:00;OF-010;Las Palmas;1;0;0;31;1;1
499;05/03/2024;16:00:00;OF-019;Valencia;1;0;1;31;0;1
500;01/04/2024;9:00:00;OF-006;C?iz;0;0;0;1;0;0
501;01/04/2024;13:30:00;OF-020;Valladolid;0;0;0;1;1;0
502;04/04/2024;14:00:00;OF-013;Murcia;0;0;0;4;0;0
503;04/04/2024;17:30:00;OF-014;Oviedo;1;0;0;4;1;1
504;05/04/2024;16:00:00;OF-001;A Coruna;0;0;0;15;1;0
505;05/04/2024;13:30:00;OF-006;C?iz;1;0;0;5;0;1
506;08/04/2024;13:30:00;OF-001;A Coruna;0;0;0;8;0;0
507;08/04/2024;14:30:00;OF-028;Valencia;0;0;0;8;1;0
508;10/04/2024;12:30:00;OF-005;Bilbao;0;1;1;10;0;1
509;11/04/2024;16:30:00;OF-002;Alicante;1;0;0;11;0;1
510;12/04/2024;11:00:00;OF-015;Salamanca;0;0;0;12;0;0
511;15/04/2024;10:30:00;OF-001;A Coruna;1;0;0;15;1;1
512;15/04/2024;14:30:00;OF-015;Salamanca;0;0;0;15;1;0
513;15/04/2024;11:00:00;OF-023;Madrid;0;1;1;15;0;1
514;17/04/2024;10:00:00;OF-016;Santander;0;0;0;17;1;0
515;18/04/2024;13:00:00;OF-008;Gij?;0;0;0;18;1;0
516;18/04/2024;16:00:00;OF-010;Las Palmas;0;0;0;18;0;0
517;19/04/2024;13:30:00;OF-002;Alicante;0;0;0;19;0;0
518;20/04/2024;17:00:00;OF-008;Gij?;1;0;0;20;1;1
519;20/04/2024;16:00:00;OF-009;Granada;1;0;0;20;1;1
520;20/04/2024;10:00:00;OF-026;Barcelona;0;0;0;20;0;0
521;21/04/2024;17:00:00;OF-011;Madrid;1;0;0;21;1;1
522;22/04/2024;9:00:00;OF-020;Valladolid;0;0;0;22;1;0
523;24/04/2024;14:30:00;OF-004;Barcelona;1;0;0;13;1;1
524;25/04/2024;13:00:00;OF-004;Barcelona;1;0;0;19;1;1
525;26/04/2024;11:00:00;OF-017;Sevilla;1;0;0;26;0;1
526;29/04/2024;14:30:00;OF-001;A Coruna;0;0;0;29;0;0
527;29/04/2024;15:30:00;OF-021;Vigo;0;0;0;29;0;0
528;02/05/2024;16:00:00;OF-007;C?doba;1;0;0;2;1;1
529;02/05/2024;12:00:00;OF-008;Gij?;1;0;0;2;1;1
530;03/05/2024;14:30:00;OF-005;Bilbao;0;0;0;3;1;0
531;03/05/2024;9:30:00;OF-020;Valladolid;0;0;0;3;1;0
532;04/05/2024;14:00:00;OF-005;Bilbao;0;0;0;4;1;0
533;05/05/2024;16:00:00;OF-020;Valladolid;0;0;0;5;0;0
534;06/05/2024;16:00:00;OF-009;Granada;0;0;0;6;1;0
535;07/05/2024;11:00:00;OF-006;C?iz;0;0;0;7;0;0
536;08/05/2024;12:30:00;OF-014;Oviedo;1;0;0;8;1;1
537;11/05/2024;15:30:00;OF-008;Gij?;0;0;0;11;0;0
538;11/05/2024;15:00:00;OF-016;Santander;0;0;0;11;0;0
539;13/05/2024;10:30:00;OF-024;Zaragoza;0;0;0;13;0;0
540;14/05/2024;9:30:00;OF-013;Murcia;1;0;0;14;1;1
541;16/05/2024;13:30:00;OF-026;Barcelona;0;0;0;16;0;0
542;17/05/2024;14:30:00;OF-012;M?aga;0;0;0;17;1;0
543;30/05/2024;12:30:00;OF-019;Valencia;1;0;0;17;0;1
544;17/05/2024;15:00:00;OF-019;Valencia;0;0;0;17;0;0
545;18/05/2024;10:30:00;OF-008;Gij?;1;0;0;18;0;1
546;19/05/2024;16:00:00;OF-019;Valencia;0;0;0;19;0;0
547;23/05/2024;14:30:00;OF-003;Barcelona;1;0;0;23;0;1
548;24/05/2024;15:30:00;OF-024;Zaragoza;0;0;0;24;0;0
549;25/05/2024;17:00:00;OF-001;A Coruna;1;0;0;25;0;1
550;25/05/2024;11:30:00;OF-004;Barcelona;0;0;0;25;1;0
551;25/05/2024;14:30:00;OF-004;Barcelona;0;0;0;25;1;0
552;26/05/2024;16:00:00;OF-020;Valladolid;1;0;0;26;1;1
553;27/05/2024;17:30:00;OF-003;Barcelona;1;0;0;27;0;1
554;27/05/2024;16:30:00;OF-011;Madrid;0;0;0;27;1;0
555;28/05/2024;16:30:00;OF-012;M?aga;1;0;0;28;1;1
556;30/05/2024;9:00:00;OF-001;A Coruna;1;0;0;30;0;1
557;30/05/2024;14:30:00;OF-022;Madrid;1;0;0;30;0;1
558;31/05/2024;12:00:00;OF-004;Barcelona;0;0;0;31;0;0
559;01/06/2024;17:00:00;OF-012;M?aga;1;0;0;1;0;1
560;01/06/2024;11:00:00;OF-021;Vigo;1;0;0;1;1;1
561;04/06/2024;14:30:00;OF-004;Barcelona;0;0;0;4;0;0
562;04/06/2024;16:30:00;OF-023;Madrid;0;0;0;4;0;0
563;05/06/2024;13:30:00;OF-001;A Coruna;0;1;1;5;1;1
564;05/06/2024;14:00:00;OF-001;A Coruna;0;0;0;5;1;0
565;05/06/2024;14:00:00;OF-010;Las Palmas;0;0;0;5;1;0
566;07/06/2024;16:00:00;OF-008;Gij?;1;0;0;7;0;1
567;07/06/2024;13:00:00;OF-015;Salamanca;1;0;0;7;1;1
568;08/06/2024;14:30:00;OF-002;Alicante;0;0;0;8;1;0
569;08/06/2024;9:00:00;OF-008;Gij?;1;0;0;8;0;1
570;09/06/2024;11:30:00;OF-010;Las Palmas;0;0;0;9;0;0
571;09/06/2024;14:30:00;OF-029;Madrid;1;0;0;9;0;1
572;10/06/2024;17:00:00;OF-001;A Coruna;0;0;0;3;1;0
573;10/06/2024;17:00:00;OF-001;A Coruna;0;0;0;9;1;0
574;15/06/2024;11:00:00;OF-021;Vigo;0;0;0;15;0;0
575;16/06/2024;17:00:00;OF-017;Sevilla;0;0;0;16;1;0
576;17/06/2024;14:30:00;OF-012;M?aga;0;0;0;17;1;0
577;20/06/2024;16:00:00;OF-021;Vigo;0;0;0;20;1;0
578;20/06/2024;10:30:00;OF-023;Madrid;1;0;0;20;0;1
579;23/06/2024;15:00:00;OF-028;Valencia;1;1;1;23;1;1
580;24/06/2024;17:00:00;OF-024;Zaragoza;1;0;0;24;1;1
581;25/06/2024;11:30:00;OF-001;A Coruna;1;0;0;25;0;1
582;25/06/2024;12:00:00;OF-004;Barcelona;0;0;0;25;1;0
583;25/06/2024;15:00:00;OF-007;C?doba;0;0;0;21;1;0
584;26/06/2024;14:30:00;OF-014;Oviedo;1;0;0;26;0;1
585;29/06/2024;11:00:00;OF-004;Barcelona;1;0;0;29;0;1
586;29/06/2024;10:00:00;OF-005;Bilbao;1;0;0;29;0;1
587;30/06/2024;11:00:00;OF-003;Barcelona;1;0;0;30;1;1
588;01/07/2024;10:30:00;OF-014;Oviedo;1;0;0;1;0;1
589;03/07/2024;13:30:00;OF-001;A Coruna;0;0;0;4;0;0
590;03/07/2024;12:30:00;OF-004;Barcelona;1;0;0;3;1;1
591;03/07/2024;11:30:00;OF-017;Sevilla;1;0;0;3;1;1
592;04/07/2024;15:00:00;OF-009;Granada;0;0;0;4;0;0
593;05/07/2024;13:30:00;OF-001;A Coruna;1;0;0;17;0;1
594;05/07/2024;9:00:00;OF-004;Barcelona;0;0;0;5;0;0
595;05/07/2024;15:00:00;OF-008;Gij?;0;0;0;16;1;0
596;07/07/2024;13:00:00;OF-008;Gij?;0;0;0;7;1;0
597;09/07/2024;13:30:00;OF-001;A Coruna;1;0;0;9;1;1
598;10/07/2024;16:30:00;OF-001;A Coruna;1;0;0;6;0;1
599;10/07/2024;17:00:00;OF-018;Tenerife;0;0;0;10;1;0
600;12/07/2024;17:00:00;OF-008;Gij?;0;0;0;12;0;0
601;13/07/2024;14:30:00;OF-014;Oviedo;0;0;0;13;0;0
602;14/07/2024;12:30:00;OF-017;Sevilla;0;0;0;14;0;0
603;14/07/2024;17:00:00;OF-025;Madrid;0;0;0;14;1;0
604;16/07/2024;16:00:00;OF-019;Valencia;0;0;0;16;1;0
605;18/07/2024;9:00:00;OF-017;Sevilla;0;0;0;18;1;0
606;19/07/2024;13:30:00;OF-016;Santander;0;0;0;19;0;0
607;19/07/2024;15:00:00;OF-020;Valladolid;1;0;0;19;0;1
608;20/07/2024;10:30:00;OF-001;A Coruna;1;0;0;20;1;1
609;22/07/2024;18:00:00;OF-007;C?doba;1;0;0;22;0;1
610;22/07/2024;16:30:00;OF-017;Sevilla;0;0;0;22;0;0
611;22/07/2024;10:00:00;OF-021;Vigo;0;0;0;22;0;0
612;10/07/2024;14:30:00;OF-012;M?aga;1;0;0;23;1;1
613;23/07/2024;17:30:00;OF-015;Salamanca;0;0;0;23;1;0
614;25/07/2024;15:30:00;OF-006;C?iz;1;0;0;17;0;1
615;25/07/2024;13:30:00;OF-012;M?aga;0;0;0;15;0;0
616;27/07/2024;12:00:00;OF-003;Barcelona;0;0;0;27;1;0
617;27/07/2024;11:30:00;OF-025;Madrid;0;0;0;27;0;0
618;28/07/2024;16:00:00;OF-008;Gij?;1;0;0;28;1;1
619;28/07/2024;9:00:00;OF-015;Salamanca;0;0;0;28;1;0
620;28/07/2024;14:30:00;OF-019;Valencia;1;0;0;28;1;1
621;30/07/2024;12:30:00;OF-001;A Coruna;0;0;0;30;0;0
622;31/07/2024;11:00:00;OF-008;Gij?;0;1;1;31;1;1
623;31/07/2024;14:30:00;OF-018;Tenerife;0;0;0;31;0;0
624;01/08/2024;14:00:00;OF-014;Oviedo;0;0;0;1;0;0
625;01/08/2024;10:30:00;OF-022;Madrid;1;0;0;1;0;1
626;03/08/2024;15:30:00;OF-021;Vigo;0;0;0;3;1;0
627;05/08/2024;11:30:00;OF-012;M?aga;1;0;0;14;1;0
628;05/08/2024;10:30:00;OF-022;Madrid;0;0;0;17;0;0
629;07/08/2024;17:00:00;OF-012;M?aga;1;0;0;7;0;1
630;09/08/2024;13:30:00;OF-025;Madrid;0;0;0;9;1;0
631;10/08/2024;9:00:00;OF-017;Sevilla;1;0;0;10;0;1
632;10/08/2024;11:30:00;OF-027;Madrid;0;0;0;10;1;0
633;10/08/2024;13:00:00;OF-028;Valencia;0;0;0;10;0;0
634;14/08/2024;9:00:00;OF-012;M?aga;0;0;0;14;0;0
635;14/08/2024;15:30:00;OF-013;Murcia;1;0;0;14;1;1
636;15/08/2024;11:00:00;OF-014;Oviedo;0;0;0;15;0;0
637;18/08/2024;17:30:00;OF-001;A Coruna;0;0;0;18;0;0
638;20/08/2024;11:00:00;OF-013;Murcia;0;0;0;20;1;0
639;23/08/2024;17:00:00;OF-002;Alicante;1;0;0;23;1;1
640;23/08/2024;17:30:00;OF-017;Sevilla;1;1;1;23;1;1
641;26/08/2024;11:30:00;OF-011;Madrid;0;0;0;26;1;0
642;26/08/2024;14:00:00;OF-020;Valladolid;0;0;0;26;0;0
643;27/08/2024;11:00:00;OF-019;Valencia;0;0;0;27;1;0
644;29/08/2024;14:00:00;OF-001;A Coruna;0;0;0;12;0;0
645;29/08/2024;15:30:00;OF-016;Santander;1;0;0;29;0;1
646;30/08/2024;11:00:00;OF-011;Madrid;0;0;0;15;1;0
647;31/08/2024;17:00:00;OF-019;Valencia;0;0;0;31;0;0
648;01/09/2024;9:30:00;OF-004;Barcelona;0;0;0;1;1;0
649;04/09/2024;9:00:00;OF-009;Granada;1;0;1;4;0;1
650;04/09/2024;13:30:00;OF-019;Valencia;1;0;0;4;1;1
651;04/09/2024;17:30:00;OF-021;Vigo;0;0;0;4;1;0
652;05/09/2024;16:30:00;OF-013;Murcia;1;0;0;7;1;1
653;08/09/2024;16:00:00;OF-008;Gij?;0;0;0;8;1;0
654;14/09/2024;10:30:00;OF-028;Valencia;0;0;0;14;1;0
655;15/09/2024;17:00:00;OF-017;Sevilla;0;0;0;15;0;0
656;15/09/2024;11:30:00;OF-018;Tenerife;1;0;0;15;0;1
657;15/09/2024;17:30:00;OF-023;Madrid;1;0;0;15;0;1
658;16/09/2024;15:30:00;OF-020;Valladolid;0;1;1;16;0;1
659;17/09/2024;17:30:00;OF-028;Valencia;1;0;0;17;0;1
660;19/09/2024;13:00:00;OF-009;Granada;1;0;1;19;1;1
661;19/09/2024;16:30:00;OF-010;Las Palmas;1;0;1;19;1;1
662;22/09/2024;18:00:00;OF-007;C?doba;1;0;0;22;1;1
663;23/09/2024;13:30:00;OF-014;Oviedo;0;0;0;23;0;0
664;24/09/2024;12:30:00;OF-006;C?iz;0;0;0;24;0;0
665;25/09/2024;17:30:00;OF-001;A Coruna;0;0;0;1;0;0
666;25/09/2024;15:00:00;OF-018;Tenerife;0;0;0;25;1;0
667;25/09/2024;9:00:00;OF-018;Tenerife;0;0;0;25;0;0
668;25/09/2024;12:30:00;OF-019;Valencia;0;1;1;25;1;1
669;25/09/2024;14:00:00;OF-022;Madrid;0;0;0;25;1;0
670;25/09/2024;11:30:00;OF-028;Valencia;1;0;0;25;1;1
671;27/09/2024;15:30:00;OF-021;Vigo;1;1;1;27;1;1
672;28/09/2024;12:00:00;OF-004;Barcelona;0;0;0;18;0;0
673;29/09/2024;10:30:00;OF-001;A Coruna;1;0;0;14;1;1
674;30/09/2024;16:00:00;OF-013;Murcia;0;0;0;30;1;0
675;01/10/2024;11:30:00;OF-019;Valencia;0;1;1;1;1;1
676;01/10/2024;11:00:00;OF-023;Madrid;1;0;0;1;1;1
677;02/10/2024;13:30:00;OF-024;Zaragoza;0;0;0;2;1;0
678;03/10/2024;10:00:00;OF-020;Valladolid;0;0;0;3;0;0
679;04/10/2024;14:30:00;OF-003;Barcelona;1;0;0;4;1;1
680;05/10/2024;10:30:00;OF-008;Gij?;0;0;0;15;1;0
681;07/10/2024;17:30:00;OF-008;Gij?;0;0;0;7;1;0
682;07/10/2024;15:00:00;OF-021;Vigo;0;0;0;7;1;0
683;08/10/2024;16:30:00;OF-002;Alicante;0;0;0;8;0;0
684;09/10/2024;17:00:00;OF-008;Gij?;0;0;0;9;0;0
685;10/10/2024;11:30:00;OF-004;Barcelona;0;0;0;6;0;0
686;10/10/2024;9:30:00;OF-012;M?aga;0;0;0;10;0;0
687;14/10/2024;17:30:00;OF-012;M?aga;1;0;0;14;1;1
688;15/10/2024;12:00:00;OF-015;Salamanca;1;0;0;15;1;1
689;17/10/2024;11:30:00;OF-027;Madrid;1;0;0;17;0;1
690;18/10/2024;14:00:00;OF-007;C?doba;0;0;0;18;1;0
691;19/10/2024;17:00:00;OF-024;Zaragoza;0;0;0;19;0;0
692;20/10/2024;17:30:00;OF-006;C?iz;1;0;0;20;1;1
693;21/10/2024;11:30:00;OF-028;Valencia;0;0;0;21;0;0
694;22/10/2024;13:30:00;OF-025;Madrid;1;0;0;22;0;1
695;23/10/2024;15:00:00;OF-009;Granada;1;0;0;23;1;1
696;23/10/2024;9:00:00;OF-020;Valladolid;0;0;0;23;0;0
697;24/10/2024;11:30:00;OF-010;Las Palmas;0;0;0;24;0;0
698;25/10/2024;16:30:00;OF-004;Barcelona;0;0;0;25;1;0
699;25/10/2024;12:00:00;OF-004;Barcelona;1;0;0;25;1;1
700;25/10/2024;15:00:00;OF-021;Vigo;0;0;0;25;1;0
701;26/10/2024;14:30:00;OF-023;Madrid;0;0;0;26;1;0
702;27/10/2024;16:30:00;OF-002;Alicante;1;0;0;27;1;1
703;27/10/2024;13:00:00;OF-011;Madrid;0;0;0;27;1;0
704;27/10/2024;16:00:00;OF-023;Madrid;0;0;0;27;0;0
705;28/10/2024;14:30:00;OF-022;Madrid;0;0;0;28;1;0
706;29/10/2024;12:00:00;OF-007;C?doba;1;0;0;17;1;1
707;29/10/2024;16:00:00;OF-007;C?doba;0;0;0;29;1;0
708;31/10/2024;11:30:00;OF-023;Madrid;0;0;0;31;0;0
709;02/11/2024;10:00:00;OF-005;Bilbao;0;0;0;2;0;0
710;02/11/2024;16:30:00;OF-013;Murcia;0;0;0;2;1;0
711;05/11/2024;14:00:00;OF-001;A Coruna;1;0;0;14;1;1
712;06/11/2024;15:00:00;OF-013;Murcia;0;0;0;6;1;0
713;06/11/2024;11:00:00;OF-019;Valencia;1;0;0;6;1;1
714;06/11/2024;12:00:00;OF-026;Barcelona;1;0;0;6;0;1
715;07/11/2024;17:30:00;OF-003;Barcelona;0;0;0;7;0;0
716;12/11/2024;15:30:00;OF-014;Oviedo;1;1;1;12;0;1
717;12/11/2024;14:00:00;OF-015;Salamanca;1;0;0;12;1;1
718;12/11/2024;14:30:00;OF-019;Valencia;0;0;0;12;0;0
719;13/11/2024;14:00:00;OF-017;Sevilla;0;0;0;13;1;0
720;14/11/2024;13:00:00;OF-019;Valencia;0;0;0;14;1;0
721;15/11/2024;18:00:00;OF-002;Alicante;1;0;0;15;1;1
722;15/11/2024;11:30:00;OF-007;C?doba;0;0;0;15;1;0
723;15/11/2024;11:30:00;OF-015;Salamanca;0;0;0;15;0;0
724;16/11/2024;16:00:00;OF-016;Santander;0;0;0;16;1;0
725;17/11/2024;10:00:00;OF-015;Salamanca;1;0;0;17;0;1
726;18/11/2024;16:30:00;OF-028;Valencia;0;0;0;18;0;0
727;19/11/2024;13:00:00;OF-011;Madrid;0;0;0;19;0;0
728;19/11/2024;9:00:00;OF-024;Zaragoza;1;0;0;19;0;1
729;20/11/2024;16:00:00;OF-001;A Coruna;1;0;0;20;0;1
730;20/11/2024;13:30:00;OF-007;C?doba;0;0;0;20;1;0
731;21/11/2024;15:30:00;OF-014;Oviedo;1;0;0;21;0;1
732;22/11/2024;10:30:00;OF-011;Madrid;0;0;0;22;0;0
733;23/11/2024;14:00:00;OF-005;Bilbao;0;0;0;23;1;0
734;27/11/2024;12:00:00;OF-006;C?iz;0;0;0;27;0;0
735;28/11/2024;11:30:00;OF-015;Salamanca;1;0;0;28;1;1
736;29/11/2024;14:00:00;OF-009;Granada;0;0;0;29;1;0
737;29/11/2024;11:30:00;OF-012;M?aga;0;0;0;29;1;0
738;29/11/2024;10:30:00;OF-015;Salamanca;1;0;0;29;1;1
739;30/11/2024;13:00:00;OF-001;A Coruna;0;0;0;30;0;0
740;30/11/2024;10:00:00;OF-004;Barcelona;0;0;0;4;1;0
741;30/11/2024;15:00:00;OF-005;Bilbao;0;0;0;30;1;0
742;30/11/2024;12:00:00;OF-010;Las Palmas;1;0;0;30;0;0
743;01/12/2024;13:00:00;OF-009;Granada;0;0;0;14;1;0
744;02/12/2024;17:00:00;OF-028;Valencia;0;1;1;2;0;1
745;03/12/2024;9:30:00;OF-005;Bilbao;0;0;0;3;0;0
746;04/12/2024;10:00:00;OF-014;Oviedo;0;0;0;4;1;0
747;04/12/2024;16:00:00;OF-019;Valencia;0;0;0;4;0;0
748;07/12/2024;17:30:00;OF-025;Madrid;0;0;0;7;0;0
749;09/12/2024;13:30:00;OF-010;Las Palmas;1;0;0;9;1;1
750;09/12/2024;11:00:00;OF-019;Valencia;0;0;0;9;0;0
751;09/12/2024;10:30:00;OF-019;Valencia;0;0;0;9;1;0
752;10/12/2024;15:30:00;OF-009;Granada;0;0;0;10;1;0
753;10/12/2024;17:00:00;OF-023;Madrid;1;0;0;10;0;1
754;11/12/2024;10:00:00;OF-019;Valencia;0;0;0;11;1;0
755;12/12/2024;15:00:00;OF-028;Valencia;0;0;0;12;1;0
756;13/12/2024;16:30:00;OF-026;Barcelona;0;0;0;13;1;0
757;14/12/2024;9:00:00;OF-028;Valencia;0;0;0;14;1;0
758;15/12/2024;9:00:00;OF-004;Barcelona;1;0;0;17;0;1
759;18/12/2024;17:30:00;OF-007;C?doba;1;0;0;18;1;1
760;19/12/2024;12:30:00;OF-003;Barcelona;1;0;0;19;1;1
761;20/12/2024;13:30:00;OF-008;Gij?;0;1;1;20;1;1
762;21/12/2024;14:00:00;OF-001;A Coruna;0;0;0;21;1;0
763;23/12/2024;11:00:00;OF-011;Madrid;0;0;0;23;0;0
764;24/12/2024;16:30:00;OF-011;Madrid;1;0;0;24;0;1
765;25/12/2024;13:00:00;OF-026;Barcelona;0;0;0;25;1;0
766;26/12/2024;13:30:00;OF-016;Santander;1;1;1;26;1;1
767;26/12/2024;12:30:00;OF-025;Madrid;1;0;0;26;1;1
768;27/12/2024;14:00:00;OF-001;A Coruna;0;0;0;27;0;0
769;25/05/2024;12:30:00;OF-020;Valladolid;0;1;1;27;1;1
770;29/12/2024;16:30:00;OF-015;Salamanca;0;0;0;29;0;0
771;29/12/2024;9:30:00;OF-018;Tenerife;0;0;0;29;1;0
772;29/12/2024;11:30:00;OF-028;Valencia;1;0;0;10;0;1
773;30/12/2024;11:30:00;OF-008;Gij?;1;0;0;30;0;1
774;30/12/2024;15:30:00;OF-012;M?aga;0;0;0;30;0;0
775;31/12/2024;10:30:00;OF-008;Gij?;0;0;0;31;1;0
776;01/01/2025;15:30:00;OF-004;Barcelona;0;0;0;1;1;0
777;02/01/2025;12:30:00;OF-018;Tenerife;0;0;0;2;1;0
778;04/01/2025;11:00:00;OF-029;Madrid;0;0;0;4;1;0
779;05/01/2025;9:00:00;OF-006;C?iz;0;0;0;5;1;0
780;05/01/2025;12:30:00;OF-009;Granada;0;0;0;5;0;0
781;05/01/2025;15:30:00;OF-009;Granada;0;0;0;5;1;0
782;05/01/2025;16:00:00;OF-011;Madrid;1;0;0;5;1;1
783;07/01/2025;10:30:00;OF-019;Valencia;0;0;0;7;0;0
784;08/01/2025;12:00:00;OF-017;Sevilla;0;0;0;8;0;0
785;08/01/2025;17:00:00;OF-018;Tenerife;0;0;0;8;0;0
786;09/01/2025;17:00:00;OF-024;Zaragoza;1;0;0;9;1;1
787;10/01/2025;12:00:00;OF-008;Gij?;0;0;0;10;1;0
788;13/01/2025;11:00:00;OF-004;Barcelona;0;0;0;13;0;0
789;15/01/2025;12:00:00;OF-011;Madrid;0;0;0;15;1;0
790;15/01/2025;17:00:00;OF-025;Madrid;0;0;0;15;1;0
791;18/01/2025;16:30:00;OF-019;Valencia;0;0;0;18;0;0
792;20/01/2025;14:00:00;OF-026;Barcelona;0;0;0;20;0;0
793;20/01/2025;17:30:00;OF-028;Valencia;1;0;0;20;0;1
794;21/01/2025;14:30:00;OF-002;Alicante;0;0;0;21;0;0
795;23/01/2025;10:00:00;OF-013;Murcia;0;0;0;23;1;0
796;23/01/2025;16:30:00;OF-027;Madrid;0;0;0;23;0;0
797;24/01/2025;16:30:00;OF-013;Murcia;0;0;0;24;0;0
798;27/01/2025;12:30:00;OF-023;Madrid;1;0;0;27;1;1
799;28/01/2025;15:00:00;OF-005;Bilbao;1;0;0;28;0;1
800;28/01/2025;17:00:00;OF-006;C?iz;0;0;0;28;0;0
801;28/01/2025;11:30:00;OF-015;Salamanca;0;0;0;28;0;0
802;28/01/2025;10:30:00;OF-021;Vigo;0;0;0;28;0;0
803;30/01/2025;16:30:00;OF-002;Alicante;0;0;0;4;0;0
804;30/01/2025;14:00:00;OF-008;Gij?;0;0;0;30;0;0
805;30/01/2025;13:00:00;OF-024;Zaragoza;0;0;0;30;1;0
806;31/01/2025;13:30:00;OF-010;Las Palmas;0;0;0;12;0;0
807;31/01/2025;16:00:00;OF-028;Valencia;0;0;0;31;0;0
808;01/02/2025;12:30:00;OF-003;Barcelona;0;0;0;1;0;0
809;01/02/2025;13:00:00;OF-015;Salamanca;1;0;0;1;1;1
810;01/02/2025;15:00:00;OF-025;Madrid;1;0;0;1;1;1
811;02/02/2025;16:30:00;OF-015;Salamanca;0;0;0;2;1;0
812;02/02/2025;16:30:00;OF-015;Salamanca;0;0;0;2;0;0
813;02/02/2025;16:00:00;OF-017;Sevilla;0;0;0;2;0;0
814;02/02/2025;15:00:00;OF-019;Valencia;1;0;0;2;0;1
815;05/02/2025;9:30:00;OF-005;Bilbao;0;0;0;5;1;0
816;05/02/2025;16:00:00;OF-007;C?doba;1;0;0;5;1;1
817;05/02/2025;12:00:00;OF-010;Las Palmas;0;0;0;5;1;0
818;07/02/2025;9:00:00;OF-024;Zaragoza;0;0;0;7;1;0
819;07/02/2025;12:00:00;OF-029;Madrid;0;0;0;7;0;0
820;08/02/2025;11:30:00;OF-016;Santander;0;0;0;8;0;0
821;09/02/2025;16:30:00;OF-007;C?doba;0;0;0;9;0;0
822;09/02/2025;9:30:00;OF-012;M?aga;1;0;0;9;1;1
823;12/02/2025;17:00:00;OF-020;Valladolid;1;1;1;12;0;1
824;13/02/2025;16:30:00;OF-020;Valladolid;1;0;0;13;1;1
825;14/02/2025;15:00:00;OF-008;Gij?;1;0;0;14;1;1
826;14/02/2025;14:30:00;OF-023;Madrid;0;0;0;14;1;0
827;15/02/2025;15:30:00;OF-016;Santander;0;0;0;15;1;0
828;15/02/2025;12:00:00;OF-019;Valencia;0;0;0;15;0;0
829;16/02/2025;17:30:00;OF-003;Barcelona;0;0;0;16;0;0
830;16/02/2025;11:30:00;OF-019;Valencia;1;0;0;16;0;1
831;17/02/2025;15:00:00;OF-028;Valencia;1;0;0;17;1;1
832;18/02/2025;17:00:00;OF-003;Barcelona;1;0;0;18;0;1
833;22/02/2025;16:30:00;OF-016;Santander;0;0;0;22;0;0
834;23/02/2025;11:30:00;OF-013;Murcia;1;0;0;23;0;1
835;23/02/2025;10:00:00;OF-021;Vigo;1;1;1;23;0;1
836;23/02/2025;16:00:00;OF-025;Madrid;0;0;0;23;1;0
837;28/02/2025;12:30:00;OF-024;Zaragoza;0;0;0;28;0;0
838;01/03/2025;11:30:00;OF-016;Santander;1;0;0;1;1;1
839;02/03/2025;10:00:00;OF-003;Barcelona;0;0;0;2;1;0
840;02/03/2025;14:00:00;OF-004;Barcelona;0;0;0;2;1;0
841;03/03/2025;15:00:00;OF-004;Barcelona;0;0;0;4;1;0
842;03/03/2025;10:00:00;OF-005;Bilbao;0;0;0;15;1;0
843;04/03/2025;13:30:00;OF-010;Las Palmas;1;0;0;4;0;1
844;04/03/2025;15:00:00;OF-026;Barcelona;1;0;0;4;0;1
845;05/03/2025;9:30:00;OF-009;Granada;0;0;0;5;0;0
846;05/03/2025;11:00:00;OF-011;Madrid;0;0;0;5;1;0
847;05/03/2025;13:30:00;OF-028;Valencia;1;0;0;5;1;1
848;06/03/2025;12:30:00;OF-006;C?iz;1;0;0;6;0;1
849;07/03/2025;10:00:00;OF-009;Granada;0;0;0;7;0;0
850;08/03/2025;17:30:00;OF-007;C?doba;0;0;0;8;0;0
851;08/03/2025;11:30:00;OF-007;C?doba;1;0;0;8;1;1
852;08/03/2025;9:00:00;OF-019;Valencia;0;0;0;8;1;0
853;10/03/2025;12:00:00;OF-022;Madrid;0;0;0;10;1;0
854;10/03/2025;15:30:00;OF-029;Madrid;0;0;0;10;0;0
855;11/03/2025;10:00:00;OF-019;Valencia;0;0;0;11;0;0
856;12/03/2025;12:30:00;OF-014;Oviedo;0;0;0;12;1;0
857;14/03/2025;15:30:00;OF-003;Barcelona;1;0;0;14;1;1
858;15/03/2025;16:00:00;OF-017;Sevilla;1;0;0;15;0;1
859;15/03/2025;9:00:00;OF-023;Madrid;0;0;0;15;0;0
860;16/03/2025;11:00:00;OF-017;Sevilla;0;0;0;16;0;0
861;16/03/2025;16:00:00;OF-019;Valencia;0;0;0;16;0;0
862;16/03/2025;10:30:00;OF-021;Vigo;0;0;0;16;1;0
863;22/03/2025;17:00:00;OF-020;Valladolid;1;0;0;22;0;1
864;24/03/2025;14:30:00;OF-011;Madrid;1;0;0;24;1;1
865;24/03/2025;16:00:00;OF-026;Barcelona;0;0;0;24;1;0
866;25/03/2025;10:00:00;OF-003;Barcelona;0;0;0;25;1;0
867;25/03/2025;17:00:00;OF-008;Gij?;0;0;0;25;1;0
868;25/03/2025;11:00:00;OF-016;Santander;0;0;0;25;1;0
869;25/03/2025;10:00:00;OF-029;Madrid;1;0;0;25;1;1
870;26/03/2025;10:30:00;OF-013;Murcia;0;0;0;26;0;0
871;26/03/2025;15:30:00;OF-015;Salamanca;0;0;0;26;1;0
872;26/03/2025;11:30:00;OF-019;Valencia;0;0;0;26;1;0
873;26/03/2025;11:30:00;OF-024;Zaragoza;0;1;1;26;0;1
874;27/03/2025;13:00:00;OF-005;Bilbao;1;0;0;17;0;1
875;28/03/2025;11:30:00;OF-025;Madrid;1;0;0;28;0;1
876;31/03/2025;9:30:00;OF-003;Barcelona;0;1;1;31;1;1
877;31/03/2025;14:00:00;OF-017;Sevilla;1;0;0;31;0;1
878;01/04/2025;16:00:00;OF-013;Murcia;0;0;0;1;0;0
879;02/04/2025;11:00:00;OF-004;Barcelona;0;0;0;2;0;0
880;02/04/2025;16:00:00;OF-010;Las Palmas;0;0;0;2;0;0
881;02/04/2025;11:00:00;OF-018;Tenerife;0;0;0;2;0;0
882;02/04/2025;9:30:00;OF-029;Madrid;1;0;0;2;1;1
883;03/04/2025;10:30:00;OF-016;Santander;1;0;0;3;0;1
884;03/04/2025;13:30:00;OF-019;Valencia;0;0;0;3;0;0
885;04/04/2025;17:30:00;OF-013;Murcia;1;0;0;4;0;1
886;05/04/2025;14:30:00;OF-006;C?iz;1;1;1;15;1;1
887;05/04/2025;9:30:00;OF-024;Zaragoza;1;0;0;5;0;1
888;05/04/2025;13:30:00;OF-025;Madrid;0;0;0;5;0;0
889;07/04/2025;14:00:00;OF-001;A Coruna;0;0;0;7;1;0
890;07/04/2025;16:00:00;OF-024;Zaragoza;0;0;0;7;0;0
891;08/04/2025;11:00:00;OF-005;Bilbao;0;0;0;8;0;0
892;10/04/2025;15:00:00;OF-015;Salamanca;0;0;0;10;0;0
893;10/04/2025;10:00:00;OF-015;Salamanca;0;0;0;10;1;0
894;11/04/2025;14:00:00;OF-007;C?doba;0;0;0;11;0;0
895;12/04/2025;14:30:00;OF-011;Madrid;1;0;0;12;0;1
896;13/04/2025;13:00:00;OF-016;Santander;1;0;0;13;1;1
897;14/04/2025;12:00:00;OF-019;Valencia;0;0;0;14;0;0
898;17/04/2025;12:30:00;OF-013;Murcia;0;0;0;17;1;0
899;17/04/2025;14:00:00;OF-025;Madrid;0;0;0;17;1;0
900;17/04/2025;16:30:00;OF-025;Madrid;0;0;0;17;0;0
901;20/04/2025;10:30:00;OF-021;Vigo;0;0;0;20;1;0
902;22/04/2025;16:30:00;OF-014;Oviedo;0;0;0;22;1;0
903;24/04/2025;11:30:00;OF-014;Oviedo;0;0;0;24;1;0
904;26/04/2025;11:30:00;OF-004;Barcelona;0;0;0;10;1;0
905;26/04/2025;9:00:00;OF-023;Madrid;1;0;0;26;0;1
906;27/04/2025;16:30:00;OF-015;Salamanca;0;0;0;27;1;0
907;28/04/2025;18:00:00;OF-003;Barcelona;1;0;0;28;1;1
908;28/04/2025;17:00:00;OF-008;Gij?;1;0;0;28;0;1
909;30/04/2025;17:00:00;OF-001;A Coruna;1;0;0;30;0;1
910;30/04/2025;17:00:00;OF-005;Bilbao;0;0;0;30;1;0
911;30/04/2025;17:30:00;OF-011;Madrid;0;0;0;15;1;0
912;01/05/2025;16:30:00;OF-014;Oviedo;0;0;0;1;1;0
913;02/05/2025;13:30:00;OF-002;Alicante;0;0;0;2;1;0
914;02/05/2025;15:00:00;OF-018;Tenerife;0;0;0;2;1;0
915;03/05/2025;11:00:00;OF-007;C?doba;0;0;0;3;1;0
916;03/05/2025;9:30:00;OF-016;Santander;0;0;0;3;0;0
917;03/05/2025;15:30:00;OF-027;Madrid;0;0;0;3;0;0
918;04/05/2025;9:30:00;OF-021;Vigo;1;0;0;4;1;1
919;06/05/2025;16:00:00;OF-023;Madrid;1;1;1;6;0;1
920;08/05/2025;14:30:00;OF-002;Alicante;0;0;0;8;0;0
921;10/05/2025;16:30:00;OF-001;A Coruna;1;0;0;16;1;1
922;10/05/2025;12:30:00;OF-019;Valencia;0;0;0;10;0;0
923;10/05/2025;15:00:00;OF-021;Vigo;0;0;0;10;0;0
924;13/05/2025;10:00:00;OF-010;Las Palmas;0;0;0;13;1;0
925;13/05/2025;15:30:00;OF-024;Zaragoza;0;0;0;13;1;0
926;14/05/2025;17:00:00;OF-012;M?aga;0;0;0;14;1;0
927;15/05/2025;9:30:00;OF-023;Madrid;0;0;0;15;0;0
928;16/05/2025;10:00:00;OF-027;Madrid;0;0;0;16;0;0
929;20/05/2025;12:30:00;OF-024;Zaragoza;1;0;0;20;0;1
930;21/05/2025;17:30:00;OF-001;A Coruna;0;0;0;21;0;0
931;21/05/2025;16:30:00;OF-013;Murcia;0;0;0;21;0;0
932;22/05/2025;14:00:00;OF-020;Valladolid;0;0;0;22;0;0
933;22/05/2025;13:30:00;OF-022;Madrid;0;0;0;22;0;0
934;25/05/2025;16:30:00;OF-008;Gij?;0;0;0;25;1;0
935;25/05/2025;11:00:00;OF-023;Madrid;1;0;0;25;0;1
936;26/05/2025;14:30:00;OF-018;Tenerife;1;0;0;26;1;1
937;26/05/2025;11:30:00;OF-021;Vigo;0;0;0;26;0;0
938;26/05/2025;15:00:00;OF-022;Madrid;0;0;0;26;1;0
939;27/05/2025;9:00:00;OF-015;Salamanca;0;0;0;27;1;0
940;27/05/2025;15:30:00;OF-019;Valencia;0;0;0;27;1;0
941;28/05/2025;10:30:00;OF-006;C?iz;0;0;0;28;0;0
942;28/05/2025;15:00:00;OF-011;Madrid;1;0;0;28;1;1
943;30/05/2025;14:00:00;OF-001;A Coruna;0;0;0;30;0;0
944;30/05/2025;9:30:00;OF-019;Valencia;0;0;0;30;0;0
945;30/05/2025;10:30:00;OF-025;Madrid;1;0;0;30;0;1
946;01/06/2025;17:30:00;OF-003;Barcelona;0;0;0;1;0;0
947;01/06/2025;16:30:00;OF-004;Barcelona;0;0;0;6;1;0
948;01/06/2025;16:30:00;OF-017;Sevilla;0;0;0;1;0;0
949;02/06/2025;9:00:00;OF-009;Granada;1;0;0;2;1;1
950;02/06/2025;15:00:00;OF-012;M?aga;0;0;0;2;1;0
951;03/06/2025;14:30:00;OF-024;Zaragoza;0;0;0;3;0;0
952;04/06/2025;11:30:00;OF-014;Oviedo;1;0;0;4;0;1
953;09/06/2025;16:30:00;OF-002;Alicante;0;0;0;9;1;0
954;10/06/2025;16:30:00;OF-018;Tenerife;0;0;0;10;0;0
955;13/06/2025;18:00:00;OF-006;C?iz;1;0;0;13;0;1
956;14/06/2025;14:00:00;OF-016;Santander;0;0;0;14;0;0
957;15/06/2025;10:30:00;OF-018;Tenerife;1;0;0;15;0;1
958;16/06/2025;14:30:00;OF-010;Las Palmas;0;0;0;16;0;0
959;16/06/2025;14:00:00;OF-013;Murcia;1;0;0;16;0;1
960;16/06/2025;16:30:00;OF-017;Sevilla;0;0;0;16;1;0
961;18/06/2025;17:00:00;OF-015;Salamanca;1;0;0;18;1;1
962;18/06/2025;12:30:00;OF-020;Valladolid;1;0;0;18;1;1
963;18/06/2025;10:00:00;OF-021;Vigo;0;0;0;18;0;0
964;20/06/2025;16:00:00;OF-014;Oviedo;0;0;0;20;0;0
965;21/06/2025;16:30:00;OF-022;Madrid;0;0;0;21;0;0
966;22/06/2025;15:00:00;OF-021;Vigo;0;0;0;22;1;0
967;23/06/2025;10:00:00;OF-008;Gij?;1;0;0;23;0;1
968;24/06/2025;11:30:00;OF-017;Sevilla;1;0;0;24;1;1
969;26/06/2025;10:00:00;OF-004;Barcelona;1;0;0;17;1;1
970;27/06/2025;17:00:00;OF-001;A Coruna;0;0;0;27;0;0
971;27/06/2025;17:30:00;OF-020;Valladolid;0;1;1;27;1;1
972;28/06/2025;9:30:00;OF-011;Madrid;1;0;0;28;0;1
973;29/06/2025;14:00:00;OF-001;A Coruna;0;0;0;29;1;0
974;29/06/2025;13:30:00;OF-001;A Coruna;0;0;0;29;0;0
975;30/06/2025;17:30:00;OF-009;Granada;0;0;0;15;0;0
976;30/06/2025;12:00:00;OF-017;Sevilla;1;0;1;30;1;1
977;30/06/2025;13:30:00;OF-027;Madrid;1;0;0;30;1;1
978;01/07/2025;14:00:00;OF-005;Bilbao;1;0;0;13;0;1
979;01/07/2025;16:30:00;OF-024;Zaragoza;0;0;0;1;0;0
980;02/07/2025;9:00:00;OF-009;Granada;0;0;0;2;1;0
981;03/07/2025;15:30:00;OF-012;M?aga;0;0;0;3;1;0
982;06/07/2025;9:30:00;OF-013;Murcia;1;0;0;6;0;1
983;06/07/2025;16:30:00;OF-017;Sevilla;0;0;0;6;0;0
984;07/07/2025;13:00:00;OF-013;Murcia;1;0;0;7;1;1
985;07/07/2025;15:30:00;OF-013;Murcia;0;0;0;7;0;0
986;08/07/2025;13:30:00;OF-004;Barcelona;0;0;0;8;1;0
987;08/07/2025;17:00:00;OF-012;M?aga;0;0;0;8;1;0
988;08/07/2025;9:00:00;OF-022;Madrid;0;0;0;8;0;0
989;09/07/2025;13:30:00;OF-024;Zaragoza;1;0;0;9;0;1
990;10/07/2025;18:00:00;OF-003;Barcelona;0;0;0;10;0;0
991;11/07/2025;12:00:00;OF-022;Madrid;1;0;0;11;1;1
992;13/07/2025;16:00:00;OF-019;Valencia;1;0;0;13;0;1
993;16/07/2025;12:30:00;OF-015;Salamanca;0;0;0;16;1;0
994;17/07/2025;10:30:00;OF-012;M?aga;1;0;0;17;0;1
995;17/07/2025;13:30:00;OF-013;Murcia;0;0;0;17;0;0
996;17/07/2025;13:30:00;OF-013;Murcia;1;0;0;17;0;1
997;17/07/2025;9:30:00;OF-015;Salamanca;1;0;0;17;0;1
998;18/07/2025;13:30:00;OF-017;Sevilla;0;0;0;18;0;0
999;18/07/2025;10:00:00;OF-018;Tenerife;0;1;1;18;1;1
1000;19/07/2025;14:30:00;OF-001;A Coruna;1;0;0;19;0;1
1001;21/07/2025;9:00:00;OF-001;A Coruna;0;0;0;21;0;0
1002;21/07/2025;12:30:00;OF-017;Sevilla;1;0;0;21;0;1
1003;22/07/2025;14:00:00;OF-001;A Coruna;1;0;0;1;1;1
1004;22/07/2025;13:30:00;OF-004;Barcelona;1;0;0;22;0;1
1005;22/07/2025;9:00:00;OF-005;Bilbao;0;0;0;22;0;0
1006;22/07/2025;11:30:00;OF-009;Granada;0;0;0;22;1;0
1007;23/07/2025;13:30:00;OF-009;Granada;0;0;0;23;1;0
1008;23/07/2025;17:00:00;OF-017;Sevilla;0;0;0;23;0;0
1009;24/07/2025;16:30:00;OF-007;C?doba;0;0;0;24;0;0
1010;24/07/2025;12:30:00;OF-011;Madrid;0;1;1;24;1;1
1011;24/07/2025;9:30:00;OF-013;Murcia;0;0;0;24;0;0
1012;25/07/2025;9:30:00;OF-012;M?aga;1;0;0;25;1;1
1013;25/07/2025;10:30:00;OF-028;Valencia;0;0;0;25;1;0
1014;27/07/2025;18:00:00;OF-003;Barcelona;0;0;0;27;0;0
1015;27/07/2025;10:00:00;OF-026;Barcelona;0;0;0;27;1;0
1016;11/07/2025;17:30:00;OF-004;Barcelona;1;0;0;28;1;1
1017;30/07/2025;15:30:00;OF-007;C?doba;0;0;0;17;0;0
1018;30/07/2025;12:00:00;OF-011;Madrid;0;0;0;15;1;0
1019;01/08/2025;15:00:00;OF-016;Santander;0;0;0;1;1;0
1020;03/08/2025;11:30:00;OF-010;Las Palmas;1;0;0;3;0;1
1021;04/08/2025;15:30:00;OF-011;Madrid;1;0;0;4;1;1
1022;04/08/2025;11:00:00;OF-025;Madrid;0;0;0;4;1;0
1023;05/08/2025;13:30:00;OF-004;Barcelona;0;0;0;5;0;0
1024;05/08/2025;14:30:00;OF-010;Las Palmas;0;0;0;14;0;0
1025;05/08/2025;12:00:00;OF-012;M?aga;1;0;0;14;0;1
1026;05/08/2025;9:30:00;OF-022;Madrid;0;0;0;5;0;0
1027;08/08/2025;13:30:00;OF-026;Barcelona;0;0;0;8;0;0
1028;09/08/2025;9:30:00;OF-024;Zaragoza;0;0;0;9;1;0
1029;09/08/2025;16:00:00;OF-029;Madrid;0;0;0;9;1;0
1030;10/08/2025;10:00:00;OF-001;A Coruna;0;0;0;28;1;0
1031;11/08/2025;12:00:00;OF-007;C?doba;0;0;0;11;0;0
1032;12/08/2025;12:00:00;OF-010;Las Palmas;0;0;0;12;1;0
1033;12/08/2025;10:30:00;OF-013;Murcia;1;0;0;12;0;1
1034;12/08/2025;15:00:00;OF-017;Sevilla;0;0;0;12;0;0
1035;13/08/2025;9:00:00;OF-003;Barcelona;1;0;0;13;0;1
1036;13/08/2025;14:30:00;OF-010;Las Palmas;0;1;1;13;0;1
1037;14/08/2025;13:30:00;OF-011;Madrid;0;0;0;14;0;0
1038;15/08/2025;11:00:00;OF-005;Bilbao;0;0;0;15;1;0
1039;15/08/2025;13:30:00;OF-006;C?iz;1;0;0;15;0;1
1040;15/08/2025;14:00:00;OF-014;Oviedo;0;0;0;15;0;0
1041;15/08/2025;13:30:00;OF-019;Valencia;0;0;0;15;0;0
1042;15/08/2025;9:30:00;OF-029;Madrid;0;0;0;15;1;0
1043;16/08/2025;13:00:00;OF-025;Madrid;0;0;0;16;1;0
1044;17/08/2025;9:30:00;OF-016;Santander;0;0;0;17;1;0
1045;18/08/2025;11:30:00;OF-019;Valencia;0;0;0;18;1;0
1046;19/08/2025;12:00:00;OF-028;Valencia;0;0;0;19;0;0
1047;24/08/2025;16:00:00;OF-028;Valencia;0;0;0;24;0;0
1048;25/08/2025;14:30:00;OF-012;M?aga;1;0;0;25;1;1
1049;26/08/2025;13:30:00;OF-019;Valencia;0;0;0;26;0;0
1050;26/08/2025;10:30:00;OF-028;Valencia;0;0;0;16;1;0
1051;27/08/2025;11:00:00;OF-010;Las Palmas;0;0;0;12;0;0
1052;27/08/2025;17:30:00;OF-012;M?aga;0;0;0;27;0;0
1053;29/08/2025;16:30:00;OF-003;Barcelona;0;0;0;12;0;0
1054;29/08/2025;14:30:00;OF-005;Bilbao;0;0;0;29;0;0
1055;29/08/2025;9:30:00;OF-027;Madrid;0;0;0;29;0;0
1056;30/08/2025;17:00:00;OF-012;M?aga;0;0;0;30;1;0
1057;02/09/2025;17:30:00;OF-012;M?aga;1;0;0;2;1;1
1058;02/09/2025;15:30:00;OF-014;Oviedo;0;0;0;2;0;0
1059;02/09/2025;10:00:00;OF-023;Madrid;1;0;0;2;0;1
1060;04/09/2025;9:00:00;OF-021;Vigo;0;0;0;4;1;0
1061;07/09/2025;15:30:00;OF-018;Tenerife;0;0;0;7;0;0
1062;07/09/2025;12:00:00;OF-020;Valladolid;0;0;0;7;0;0
1063;07/09/2025;17:30:00;OF-022;Madrid;0;0;0;7;0;0
1064;08/09/2025;15:00:00;OF-010;Las Palmas;0;0;0;8;0;0
1065;10/09/2025;10:00:00;OF-015;Salamanca;0;0;0;10;0;0
1066;10/09/2025;13:00:00;OF-020;Valladolid;0;0;0;9;0;0
1067;10/09/2025;13:30:00;OF-024;Zaragoza;1;0;0;10;0;1
1068;11/09/2025;17:30:00;OF-003;Barcelona;1;0;0;11;1;1
1069;14/09/2025;14:30:00;OF-012;M?aga;1;0;0;14;1;1
1070;16/09/2025;16:30:00;OF-023;Madrid;0;0;0;16;0;0
1071;16/09/2025;9:00:00;OF-024;Zaragoza;1;0;0;16;0;1
1072;18/09/2025;17:00:00;OF-022;Madrid;0;0;0;18;0;0
1073;19/09/2025;14:00:00;OF-001;A Coruna;1;0;0;19;0;1
1074;19/09/2025;15:00:00;OF-011;Madrid;1;0;0;19;1;1
1075;19/09/2025;17:30:00;OF-013;Murcia;0;0;0;19;1;0
1076;19/09/2025;9:30:00;OF-016;Santander;1;0;0;19;1;1
1077;19/09/2025;12:30:00;OF-020;Valladolid;1;0;0;19;0;0
1078;22/09/2025;13:30:00;OF-006;C?iz;1;0;0;22;1;1
1079;22/09/2025;12:00:00;OF-012;M?aga;1;0;0;22;0;1
1080;23/09/2025;11:30:00;OF-018;Tenerife;1;0;0;23;1;1
1081;23/09/2025;16:30:00;OF-021;Vigo;1;0;0;23;1;1
1082;23/09/2025;15:00:00;OF-028;Valencia;1;0;0;23;0;1
1083;24/09/2025;10:00:00;OF-019;Valencia;0;0;0;24;1;0
1084;29/09/2025;12:00:00;OF-017;Sevilla;0;0;0;29;0;0
1085;29/09/2025;13:00:00;OF-024;Zaragoza;0;0;0;29;0;0
1086;30/09/2025;11:30:00;OF-018;Tenerife;0;0;0;30;0;0
1087;30/09/2025;17:00:00;OF-020;Valladolid;0;0;0;30;1;0
1088;03/10/2025;16:30:00;OF-013;Murcia;0;0;0;3;1;0
1089;03/10/2025;16:00:00;OF-022;Madrid;0;0;0;3;0;0
1090;04/10/2025;15:00:00;OF-023;Madrid;0;0;0;4;1;0
1091;05/10/2025;9:30:00;OF-001;A Coruna;0;0;0;16;0;0
1092;05/10/2025;15:30:00;OF-012;M?aga;0;0;0;5;1;0
1093;05/10/2025;10:30:00;OF-024;Zaragoza;0;0;0;5;1;0
1094;05/10/2025;13:30:00;OF-024;Zaragoza;1;0;0;5;0;1
1095;06/10/2025;17:30:00;OF-014;Oviedo;0;0;0;6;0;0
1096;08/10/2025;11:00:00;OF-027;Madrid;0;1;1;8;0;1
1097;10/10/2025;9:30:00;OF-011;Madrid;0;0;0;10;0;0
1098;11/10/2025;14:30:00;OF-024;Zaragoza;0;0;0;11;0;0
1099;12/10/2025;13:00:00;OF-013;Murcia;1;0;0;12;0;1
1100;13/10/2025;16:30:00;OF-009;Granada;0;0;0;13;1;0
1101;14/10/2025;12:30:00;OF-019;Valencia;0;0;0;14;1;0
1102;16/10/2025;16:00:00;OF-009;Granada;0;0;0;16;0;0
1103;16/10/2025;15:30:00;OF-011;Madrid;1;0;0;16;0;1
1104;17/10/2025;10:00:00;OF-016;Santander;1;0;0;17;1;1
1105;18/10/2025;16:30:00;OF-016;Santander;0;0;0;18;0;0
1106;18/10/2025;16:00:00;OF-028;Valencia;1;0;0;18;1;1
1107;19/10/2025;14:30:00;OF-029;Madrid;0;0;0;19;0;0
1108;21/10/2025;15:30:00;OF-004;Barcelona;1;0;0;21;1;1
1109;21/10/2025;11:00:00;OF-024;Zaragoza;0;0;0;21;0;0
1110;22/10/2025;10:30:00;OF-008;Gij?;1;0;1;22;0;1
1111;23/10/2025;13:30:00;OF-001;A Coruna;0;0;0;23;0;0
1112;23/10/2025;11:00:00;OF-009;Granada;0;0;0;23;1;0
1113;25/10/2025;10:30:00;OF-001;A Coruna;1;0;0;25;1;1
1114;25/10/2025;17:00:00;OF-006;C?iz;1;0;0;17;1;1
1115;25/10/2025;11:00:00;OF-010;Las Palmas;1;0;0;25;1;1
1116;25/10/2025;10:00:00;OF-013;Murcia;0;0;0;25;0;0
1117;27/10/2025;18:00:00;OF-002;Alicante;1;0;0;17;1;1
1118;27/10/2025;11:00:00;OF-017;Sevilla;0;0;0;27;1;0
1119;28/10/2025;11:00:00;OF-003;Barcelona;1;0;0;28;1;1
1120;28/10/2025;17:30:00;OF-005;Bilbao;1;0;1;13;1;1
1121;28/10/2025;17:00:00;OF-021;Vigo;0;0;0;28;0;0
1122;29/10/2025;13:00:00;OF-002;Alicante;0;0;0;12;0;0
1123;29/10/2025;14:00:00;OF-014;Oviedo;0;0;0;9;0;0
1124;29/10/2025;15:30:00;OF-015;Salamanca;0;0;0;29;0;0
1125;29/10/2025;17:30:00;OF-020;Valladolid;0;0;0;9;0;0
1126;01/11/2025;16:30:00;OF-009;Granada;1;0;0;1;0;1
1127;04/11/2025;9:30:00;OF-010;Las Palmas;1;0;0;4;1;1
1128;04/11/2025;16:30:00;OF-010;Las Palmas;1;0;0;4;1;1
1129;05/11/2025;16:30:00;OF-003;Barcelona;0;0;0;18;0;0
1130;05/11/2025;10:30:00;OF-008;Gij?;0;0;0;5;0;0
1131;05/11/2025;9:30:00;OF-023;Madrid;1;0;0;5;0;1
1132;06/11/2025;16:30:00;OF-004;Barcelona;0;0;0;6;1;0
1133;06/11/2025;10:00:00;OF-011;Madrid;1;0;0;6;0;1
1134;06/11/2025;11:00:00;OF-017;Sevilla;0;0;0;6;0;0
1135;08/11/2025;9:30:00;OF-008;Gij?;0;0;0;8;0;0
1136;08/11/2025;12:00:00;OF-010;Las Palmas;0;0;0;8;0;0
1137;10/11/2025;13:00:00;OF-019;Valencia;0;0;0;10;1;0
1138;11/11/2025;9:00:00;OF-006;C?iz;1;0;0;11;1;0
1139;12/11/2025;13:00:00;OF-016;Santander;0;0;0;12;0;0
1140;14/11/2025;17:30:00;OF-002;Alicante;0;0;0;14;0;0
1141;15/11/2025;18:00:00;OF-025;Madrid;0;0;0;15;0;0
1142;17/11/2025;14:30:00;OF-014;Oviedo;0;0;0;17;1;0
1143;17/11/2025;11:30:00;OF-025;Madrid;0;0;0;17;0;0
1144;22/11/2025;13:30:00;OF-019;Valencia;1;0;0;22;0;1
1145;25/11/2025;15:30:00;OF-003;Barcelona;0;0;0;28;1;0
1146;25/11/2025;13:30:00;OF-011;Madrid;0;0;0;12;1;0
1147;26/11/2025;12:30:00;OF-020;Valladolid;0;0;0;26;0;0
1148;26/11/2025;14:30:00;OF-024;Zaragoza;1;0;0;26;1;1
1149;27/11/2025;16:00:00;OF-019;Valencia;0;0;0;27;0;0
1150;28/11/2025;10:30:00;OF-008;Gij?;1;0;0;28;0;1
1151;28/11/2025;17:30:00;OF-015;Salamanca;0;0;0;28;1;0
1152;28/11/2025;17:00:00;OF-017;Sevilla;0;0;0;28;1;0
1153;28/11/2025;10:30:00;OF-025;Madrid;1;0;0;28;0;1
1154;29/11/2025;12:00:00;OF-004;Barcelona;0;0;0;4;0;0
1155;29/11/2025;10:30:00;OF-020;Valladolid;0;0;0;29;1;0
1156;30/11/2025;16:30:00;OF-002;Alicante;1;0;0;30;0;1
1157;30/11/2025;14:00:00;OF-011;Madrid;0;0;0;15;0;0
1158;01/12/2025;12:30:00;OF-010;Las Palmas;0;0;0;1;0;0
1159;01/12/2025;16:00:00;OF-028;Valencia;0;0;0;1;1;0
1160;03/12/2025;14:00:00;OF-008;Gij?;1;0;0;3;1;1
1161;05/12/2025;15:00:00;OF-002;Alicante;1;0;0;5;1;1
1162;05/12/2025;10:00:00;OF-005;Bilbao;0;0;0;5;0;0
1163;06/12/2025;11:00:00;OF-018;Tenerife;1;0;0;6;0;1
1164;07/12/2025;14:30:00;OF-024;Zaragoza;1;0;0;7;1;1
1165;08/12/2025;13:30:00;OF-001;A Coruna;1;0;0;8;1;1
1166;08/12/2025;15:00:00;OF-016;Santander;0;0;0;8;0;0
1167;10/12/2025;15:00:00;OF-010;Las Palmas;1;0;0;10;1;1
1168;10/12/2025;13:30:00;OF-017;Sevilla;0;0;0;10;0;0
1169;12/12/2025;17:30:00;OF-014;Oviedo;1;0;0;12;1;1
1170;12/12/2025;9:30:00;OF-019;Valencia;0;0;0;12;0;0
1171;12/12/2025;17:00:00;OF-021;Vigo;0;0;0;12;1;0
1172;12/12/2025;15:30:00;OF-027;Madrid;0;0;0;12;1;0
1173;13/12/2025;14:30:00;OF-007;C?doba;0;0;0;13;1;0
1174;13/12/2025;15:00:00;OF-024;Zaragoza;0;0;0;13;0;0
1175;13/12/2025;10:30:00;OF-025;Madrid;0;0;0;13;1;0
1176;13/12/2025;18:00:00;OF-026;Barcelona;1;0;0;13;1;1
1177;17/12/2025;12:30:00;OF-022;Madrid;1;0;0;17;0;1
1178;17/12/2025;9:00:00;OF-022;Madrid;0;0;0;17;1;0
1179;18/12/2025;9:00:00;OF-005;Bilbao;1;0;0;18;0;1
1180;22/12/2025;17:30:00;OF-006;C?iz;1;0;0;22;1;1
1181;22/12/2025;16:00:00;OF-014;Oviedo;0;0;0;22;1;0
1182;28/12/2025;13:30:00;OF-006;C?iz;1;0;0;28;1;1
1183;28/12/2025;11:30:00;OF-020;Valladolid;0;0;0;28;1;0
1184;29/12/2025;9:00:00;OF-004;Barcelona;0;0;0;29;0;0
1185;29/12/2025;16:30:00;OF-013;Murcia;0;0;0;15;0;0
1186;31/12/2025;16:00:00;OF-019;Valencia;1;0;0;31;0;1
1187;31/12/2025;14:00:00;OF-020;Valladolid;1;0;0;31;0;1
